id_support,operateur,action,technologie,adresse,code_insee,coordonnees,type_support,hauteur_support,proprietaire_support,date_activ,is_zb,is_new
1023512,FREE MOBILE,ALL,LTE 900,2 ROND POINT LAURENT SCHWARTZ 78310 MAUREPAS,78383,"48.7603,1.9206",Immeuble,35m,"Copropriété, Syndic, SCI",2025-10-31,False,False
1023562,FREE MOBILE,ALL,LTE 900,RUE DES GRAVIERS ZONE D'ACTIVITÉ DES GRAVIERS 91190 VILLIERS LE BACLE,91679,"48.7311,2.1119",Pylône autostable,32m,TOTEM,2025-10-31,False,False
1034545,TELCO OI,ALL,"LTE 2100, LTE 2600, 5G NR 700, 5G NR 3500",LOTISSEMENT BRAS PISTOLET 97440 ST ANDRE,97409,"-20.9628,55.5919",Pylône autostable,20m,Telco OI,2025-09-10,False,False
1047255,FREE MOBILE,ALL,LTE 900,RUE DES ORANGERS ZI DE TRAGONE ALLÉE VERTE (LES CHENES) 20290 BORGO,2B042,"42.5925,9.4444",Pylône autostable,30m,TDF,2025-10-31,False,False
1206669,FREE MOBILE,ALL,LTE 900,3 AVENUE ALBERT EINSTEIN EMSIFF ZA TRAPPES ELANCOURT 78190 TRAPPES,78621,"48.7661,1.9972",Pylône tubulaire,"30,3m",ON TOWER FRANCE,2025-10-31,False,False
1238089,FREE MOBILE,ALL,LTE 900,"11, RUE AUGUSTIN FRESNEL 67200 STRASBOURG",67482,"48.6047,7.7183",Immeuble,"50,3m",Société HLM,2025-10-31,False,False
1280813,FREE MOBILE,ALL,LTE 900,30 RUE NATIONALE 75013 PARIS 13,75113,"48.8239,2.3683",Immeuble,"47,9m",Société HLM,2025-10-31,False,False
1288107,FREE MOBILE,ALL,5G NR 3500,23 RUE DE BELLEVUE 27000 EVREUX,27229,"49.0186,1.1614",Immeuble,22m,"Copropriété, Syndic, SCI",2025-11-03,False,False
1326409,FREE MOBILE,AJO,5G NR 3500,46 RUE DESIRE VERET 60180 NOGENT SUR OISE,60463,"49.2803,2.4633",Immeuble,"20,5m",Société HLM,,False,False
1326542,FREE MOBILE,ALL,LTE 900,CHEM RURAL N° 52 (LES FONTINETTES) 60430 WARLUIS,60700,"49.3697,2.1583",Pylône autostable,"47,2m",TDF,2025-10-31,False,False
1335961,TELCO OI,ALL,"LTE 2100, LTE 2600, 5G NR 700, 5G NR 3500",10 R ZATTES 97436 ST LEU,97413,"-21.1758,55.2883",Pylône autostable,38m,ORANGE Services Fixes,2025-09-25,False,False
1344847,FREE MOBILE,ALL,LTE 900,R DE LA BRIQUETERIE 95380 LOUVRES,95351,"49.0514,2.495",Pylône autostable,"36,5m",ON TOWER FRANCE,2025-10-31,False,False
1371362,FREE MOBILE,ALL,LTE 900,ROUTE DE ROUEN (LE BRAY) 60650 ST AUBIN EN BRAY,60567,"49.4372,1.8933",Pylône autostable,39m,TDF,2025-10-31,False,False
1395466,FREE MOBILE,ALL,LTE 900,ROUTE NATIONALE 175 (MONT-BOSC) 14350 SOULEUVRE EN BOCAGE,14061,"49.0169,-0.8156",Pylône autostable,40m,TDF,2025-10-31,False,False
1402150,FREE MOBILE,ALL,LTE 900,LA COLLERETTE 77130 MAROLLES SUR SEINE,77279,"48.3778,3.0722",Pylône autostable,38m,TDF,2025-10-31,False,False
1425265,FREE MOBILE,ALL,LTE 900,VOIE COM N 4 (VIGNOLLES SUD) 33920 CIVRAC DE BLAYE,33126,"45.1247,-0.4781",Pylône autostable,"50,3m",TDF,2025-10-31,False,False
1429299,FREE MOBILE,ALL,LTE 900,CD N 12 21820 LABERGEMENT LES SEURRE,21332,"46.9933,5.1342",Pylône autostable,32m,TDF,2025-10-31,False,False
1440261,FREE MOBILE,ALL,LTE 900,LA BOCHE 63230 ST JACQUES D AMBUR,63363,"45.9119,2.775",Pylône autostable,33m,TDF,2025-10-31,False,False
1442605,FREE MOBILE,AJO,LTE 900, (LES PLANTEES) 38330 ST ISMIER,38397,"45.24,5.8436",Pylône autostable,25m,HIVORY,,False,False
1442622,FREE MOBILE,ALL,LTE 900,ER GANIENEN 56400 PLOEMEL,56161,"47.6539,-3.0578",Pylône autostable,41m,HIVORY,2025-10-31,False,False
1448560,FREE MOBILE,ALL,LTE 900,CHEMIN DE MONFAUCON (MONFAUCON) 33127 MARTIGNAS SUR JALLE,33273,"44.8503,-0.7578",Pylône autostable,50m,HIVORY,2025-10-31,False,False
1452080,FREE MOBILE,ALL,LTE 900,CHEM RURAL DIT ANCIENNE RTE (LES MINIÈRES) 41170 SARGE SUR BRAYE,41235,"47.9122,0.8225",Pylône autostable,"44,6m",TDF,2025-10-31,False,False
1453081,FREE MOBILE,ALL,LTE 900,R DE L'EUROPE ZI DE LA CROIX ROUGE (LE CHAMP THOMAS) 44260 MALVILLE,44089,"47.3356,-1.8097",Pylône autostable,30m,HIVORY,2025-10-31,False,False
1454163,FREE MOBILE,ALL,LTE 900,RUE JEAN BUSSIERES 23000 GUERET,23096,"46.1867,1.8756",Pylône tubulaire,"30,6m",ON TOWER FRANCE,2025-10-31,False,False
1456393,FREE MOBILE,ALL,LTE 900,DÉCHETTERIE DU SCLÉGEN RD 28 (MANÉ JUSTICE) 56950 CRACH,56046,"47.65,-2.9878",Pylône autostable,47m,HIVORY,2025-10-31,False,False
1456485,FREE MOBILE,ALL,LTE 900,QUARTIER LE SUVE 83590 GONFARON,83067,"43.3217,6.3036",Pylône autostable,25m,HIVORY,2025-10-31,False,False
1465371,FREE MOBILE,ALL,LTE 2100,RTE DU VERDON (LE PACAGE) 33460 ARSAC,33012,"44.9739,-0.7269",Pylône autostable,37m,TDF,2025-10-31,False,False
1465860,FREE MOBILE,ALL,5G NR 3500,10 R CLAUDE-MARIE PERROUD 31500 TOULOUSE,31555,"43.5767,1.3808",Bâtiment,"14,8m",Société Privée,2025-10-31,False,False
1465983,FREE MOBILE,ALL,LTE 900,RD 29 DÉCHARGE MUNICIPALE (LES EDROLLES) 60530 ERCUIS,60212,"49.2439,2.3081",Pylône autostable,20m,ATC FRANCE,2025-10-31,False,False
1467318,FREE MOBILE,ALL,LTE 900,135 RUE DES PECHERS 78370 PLAISIR,78490,"48.8003,1.9519",Pylône tubulaire,"25,1m",ON TOWER FRANCE,2025-10-31,False,False
1470809,FREE MOBILE,ALL,LTE 900,55 RUE PIERRE CURIE 78370 PLAISIR,78490,"48.8022,1.9808",Pylône tubulaire,25m,ON TOWER FRANCE,2025-10-31,False,False
1474190,FREE MOBILE,ALL,LTE 900,AV DE LA GARE ZI DE JOUY (LES METAIRIES) 44480 DONGES,44052,"47.3144,-2.0747",Pylône autostable,30m,HIVORY,2025-10-31,False,False
1475051,FREE MOBILE,AJO,5G NR 3500,CHEM DE LOURMET (LARDIT) 31180 CASTELMAUROU,31117,"43.6906,1.5367",Pylône autostable,30m,HIVORY,,False,False
1519038,FREE MOBILE,SUP,"UMTS 900, LTE 700, LTE 900, LTE 1800, LTE 2100, LTE 2600, 5G NR 700",RUE DU 19 MARS IMM LA SAFOURNIÈRE 63500 ISSOIRE,63178,"45.5383,3.2461",Immeuble,20m,"Copropriété, Syndic, SCI",2020-12-15,False,False
1531580,FREE MOBILE,ALL,LTE 900,9 RUE LEO LAGRANGE 02000 LAON,02408,"49.5597,3.6353",Pylône tubulaire,28m,"Commune, communauté de communes",2025-10-31,False,False
1539506,FREE MOBILE,ALL,LTE 900,"588, RUE DE MONTS CDM MONTBAZON (LES VARENNES) 37250 MONTBAZON",37154,"47.2856,0.7025",Pylône autostable,"40,9m",TOTEM,2025-10-31,False,False
1594400,FREE MOBILE,ALL,LTE 900,6 R DES ENTREPRENEURS 78340 LES CLAYES SOUS BOIS,78165,"48.8297,1.9778",Pylône tubulaire,36m,CELLNEX,2025-10-31,False,False
1623307,FREE MOBILE,ALL,LTE 900,2 RUE HENRI DUNANT 78280 GUYANCOURT,78297,"48.7642,2.0642",Immeuble,"20,6m",Société HLM,2025-10-31,False,False
1624187,FREE MOBILE,ALL,5G NR 3500,R DU MAL. FOCH  GARE- ZI 67118 GEISPOLSHEIM,67152,"48.5206,7.6936",Pylône autostable,35m,TOTEM,2025-10-31,False,False
1626563,FREE MOBILE,ALL,LTE 900,354 R ROBERT AMY C.A.A.NANTILLY 49400 SAUMUR,49328,"47.2444,-0.0739",Bâtiment,"25,9m",ORANGE,2025-10-31,False,False
1673961,FREE MOBILE,ALL,LTE 900,PRÈS D.31 USINE SIMEL (L'AIGE DES FEUILLES) 21220 GEVREY CHAMBERTIN,21295,"47.2283,5.0047",Pylône autostable,"24,5m",TOTEM,2025-10-31,False,False
1676378,FREE MOBILE,ALL,LTE 900,"POSTE RTE DES SAULES, RTE DE ST CYR 78280 GUYANCOURT",78297,"48.7906,2.0614",Pylône autostable,42m,RTE,2025-10-31,False,False
1689230,FREE MOBILE,AJO,LTE 900,TELESKI DU CHALET DES CRÈTES 73230 LES DESERTS,73098,"45.6469,5.9767",Pylône autostable,"29,2m",HIVORY,,False,False
1689240,FREE MOBILE,AJO,5G NR 3500,45 AV DU CAP-NEGRE HÔTEL DU CAP NÈGRE 83980 LE LAVANDOU,83070,"43.1517,6.4344",Immeuble,"18,4m","Copropriété, Syndic, SCI",,False,False
1716738,FREE MOBILE,ALL,LTE 900,CHEMIN DE LESIGNY À LA JONCHÈRE 77150 LESIGNY,77249,"48.7375,2.6108",Pylône autostable,"35,6m",ON TOWER FRANCE,2025-10-31,False,False
1719554,FREE MOBILE,AJO,5G NR 3500,20 RUE AUGUSTE MOUTIÉ 78120 RAMBOUILLET,78517,"48.6456,1.8375",Immeuble,"19,5m",Société HLM,,False,False
1724879,FREE MOBILE,ALL,LTE 900,12 R PIERRE DE COUBERTIN HOTEL 21000 DIJON,21231,"47.3119,5.0794",Pylône tubulaire,25m,ON TOWER FRANCE,2025-10-31,False,False
1731552,FREE MOBILE,ALL,LTE 900,ANCIENNE STATION DÉPURATION AVENUE DU 19 MARS 1962 84150 VIOLES,84149,"44.1589,4.9544",Pylône autostable,22m,ON TOWER FRANCE,2025-10-31,False,False
1736442,FREE MOBILE,ALL,LTE 900,ALLÉE DU JEU DE PAUME (LE BOUTRON) 78640 NEAUPHLE LE CHATEAU,78442,"48.8192,1.9025",Pylône tubulaire,"26,5m",ON TOWER FRANCE,2025-10-31,False,False
1737221,FREE MOBILE,ALL,LTE 900,"2 AVENUE CARNOT, 78190 TRAPPES 78190 TRAPPES",78621,"48.7767,2.0014",Immeuble,"25,9m","Copropriété, Syndic, SCI",2025-10-31,False,False
1752032,FREE MOBILE,AJO,5G NR 3500,74 RUE CARNOT 92150 SURESNES,92073,"48.8747,2.2281",Bâtiment,"29,8m","Copropriété, Syndic, SCI",,False,False
1761154,FREE MOBILE,ALL,LTE 900,1 AVENUE ALBERT SCHWEITZER 78330 FONTENAY LE FLEURY,78242,"48.8103,2.0542",Pylône tubulaire,"41,9m","Commune, communauté de communes",2025-10-31,False,False
1780245,FREE MOBILE,ALL,LTE 900,CHEM DE THIVERVAL (LE PONT GAILLOU) 78850 THIVERVAL GRIGNON,78615,"48.8333,1.9286",Pylône tubulaire,32m,TOTEM,2025-10-31,False,False
1825036,FREE MOBILE,ALL,LTE 900,8 ALLEE DE VERSAILLES RÉSIDENCE LE CADRE DE VIE (PONT DU ROUTOIR ) 78280 GUYANCOURT,78297,"48.7728,2.0797",Immeuble,"25,5m",Société HLM,2025-10-31,False,False
1825160,FREE MOBILE,ALL,LTE 900, (LACH) 67870 BISCHOFFSHEIM,67045,"48.4814,7.5067",Pylône autostable,30m,HIVORY,2025-10-31,False,False
1885453,FREE MOBILE,ALL,5G NR 3500,PUIG EN MASO CHEMIN DE LA TORRE DE EN SARRIS (TORRE EN SARRIS) 66670 BAGES,66011,"42.5986,2.9008",Pylône tubulaire,"13,3m",ON TOWER FRANCE,2025-10-31,False,False
1901103,FREE MOBILE,ALL,LTE 900,2 RUE MEILHAC 75015 PARIS 15,75115,"48.8453,2.2981",Immeuble,"32,1m","Copropriété, Syndic, SCI",2025-10-31,False,False
1905234,FREE MOBILE,ALL,LTE 900,1 PLACE CHARLE DE GAULLE IMMEUBLE LE CENTRAL GARE 78180 MONTIGNY LE BRETONNEUX,78423,"48.7869,2.0453",Bâtiment,39m,"Copropriété, Syndic, SCI",2025-10-31,False,False
1906109,FREE MOBILE,AJO,LTE 900,4 PLACE AGAPITO NADAL (METRO ARENES) 31500 TOULOUSE,31555,"43.5933,1.4189",Intérieur sous-terrain,1m,Société Privée,,False,False
1906546,FREE MOBILE,AJO,LTE 900,RUE DE SAINT JEAN ROUTE DE LAVAUR (METRO BALMA GRAMONT) 31130 BALMA,31044,"43.6289,1.4822",Intérieur sous-terrain,0m,Société Privée,,False,False
1906570,FREE MOBILE,AJO,LTE 900,5 RUE DE GAILLAC (METRO ARGOULETS) 31500 TOULOUSE,31555,"43.6242,1.4767",Intérieur sous-terrain,1m,Société Privée,,False,False
1906580,FREE MOBILE,AJO,LTE 900,10 RUE DU POIDS DE L'HUILE (METRO CAPITOLE) 31500 TOULOUSE,31555,"43.6042,1.445",Intérieur sous-terrain,1m,Société Privée,,False,False
1906587,FREE MOBILE,AJO,LTE 900,29 RUE DE L'UKRAINE (METRO BAGATELLE) 31500 TOULOUSE,31555,"43.5797,1.4125",Intérieur sous-terrain,1m,Société Privée,,False,False
1906594,FREE MOBILE,AJO,LTE 900,4 RUE DE LA MEURTHE (METRO FONTAINE LESTANG) 31500 TOULOUSE,31555,"43.5875,1.4183",Intérieur sous-terrain,1m,Société Privée,,False,False
1906621,FREE MOBILE,AJO,LTE 900,1 PLACE DE LA TRINITÉ (METRO ESQUIROL) 31500 TOULOUSE,31555,"43.6,1.4439",Intérieur sous-terrain,1m,Société Privée,,False,False
1906627,FREE MOBILE,AJO,LTE 900,169 RUE HENRI DESBALS (METRO MERMOZ) 31500 TOULOUSE,31555,"43.5836,1.415",Intérieur sous-terrain,1m,Société Privée,,False,False
1906636,FREE MOBILE,AJO,LTE 900,8 IMPASSE DU PROF NOUGAYROL (METRO MIRAIL UNIVERSITE) 31500 TOULOUSE,31555,"43.575,1.4025",Intérieur sous-terrain,1m,Société Privée,,False,False
1906642,FREE MOBILE,AJO,LTE 900,4 PLACE DE LA PATTE D'OIE (METRO PATTE D'OIE) 31500 TOULOUSE,31555,"43.5967,1.4231",Intérieur sous-terrain,1m,Société Privée,,False,False
1906657,FREE MOBILE,AJO,LTE 900,21 BD DE L'EMBOUCHURE (METRO CANAL DU MIDI) 31500 TOULOUSE,31555,"43.6156,1.4344",Intérieur sous-terrain,1m,Société Privée,,False,False
1906672,FREE MOBILE,AJO,LTE 900,18 R ST-MICHEL (METRO ST MICHEL-MARCEL-LANGER) 31500 TOULOUSE,31555,"43.5861,1.4475",Intérieur sous-terrain,1m,Société Privée,,False,False
1907306,FREE MOBILE,AJO,LTE 900,2 AVENUE FLORA TRISTAN (METRO RAMONVILLE) 31520 RAMONVILLE ST AGNE,31446,"43.5558,1.4767",Intérieur sous-terrain,1m,Société Privée,,False,False
1907313,FREE MOBILE,AJO,LTE 900,56 B AV DE L'URSS (METRO ST-AGNE SNCF) 31500 TOULOUSE,31555,"43.5803,1.4497",Intérieur sous-terrain,1m,Société Privée,,False,False
1907346,FREE MOBILE,AJO,LTE 900,17 AVENUE WINSTON CHURCHILL (METRO REYNERIE) 31500 TOULOUSE,31555,"43.5717,1.4022",Intérieur sous-terrain,1m,Société Privée,,False,False
1907355,FREE MOBILE,AJO,LTE 900,PLACE CARRÉ DE LA MAOURINE (METRO BORDEROUGE) 31500 TOULOUSE,31555,"43.6406,1.4528",Intérieur sous-terrain,1m,Société Privée,,False,False
1907362,FREE MOBILE,AJO,LTE 900,2 RUE OZENNE (METRO CARMES) 31500 TOULOUSE,31555,"43.5975,1.4458",Intérieur sous-terrain,1m,Société Privée,,False,False
1907371,FREE MOBILE,AJO,LTE 900,40 R DE VENISE (METRO EMPALOT) 31500 TOULOUSE,31555,"43.5797,1.4419",Intérieur sous-terrain,1m,Société Privée,,False,False
1907381,FREE MOBILE,AJO,LTE 900,2 BD LAZARE-CARNOT (METRO FRANCOIS-VERDIER) 31500 TOULOUSE,31555,"43.6006,1.4519",Intérieur sous-terrain,1m,Société Privée,,False,False
1907399,FREE MOBILE,AJO,LTE 900,8 ESPLANADE COMPANS CAFFARELLI (METRO COMPANS-CAFFARELLI) 31500 TOULOUSE,31555,"43.6106,1.4347",Intérieur sous-terrain,1m,Société Privée,,False,False
1907416,FREE MOBILE,AJO,LTE 900,18 ALL JEAN JAURÈS (METRO JEAN JAURES) 31500 TOULOUSE,31555,"43.6056,1.4486",Intérieur sous-terrain,1m,Société Privée,,False,False
1907429,FREE MOBILE,AJO,LTE 900,12 PL LAFOURCADE (METRO PALAIS DE JUSTICE) 31500 TOULOUSE,31555,"43.5922,1.4447",Intérieur sous-terrain,1m,Société Privée,,False,False
1907439,FREE MOBILE,AJO,LTE 900,35 CHEM DES MARAÎCHERS (METRO FACULTE DE PHARMACIE) 31500 TOULOUSE,31555,"43.5681,1.4644",Intérieur sous-terrain,1m,Société Privée,,False,False
1907445,FREE MOBILE,AJO,LTE 900,120 ROUTE DE NARBONNE (METRO UNIVERSITE PAUL SABATIE) 31500 TOULOUSE,31555,"43.5608,1.4631",Intérieur sous-terrain,1m,Société Privée,,False,False
1907455,FREE MOBILE,AJO,LTE 900,88 AV DES MINIMES (METRO MINIMES CLAUDE NOUGARO) 31500 TOULOUSE,31555,"43.6203,1.4358",Intérieur sous-terrain,1m,Société Privée,,False,False
1907462,FREE MOBILE,AJO,LTE 900,21 R EMILE GUYOU (METRO RANGUEIL) 31500 TOULOUSE,31555,"43.5747,1.4617",Intérieur sous-terrain,1m,Société Privée,,False,False
1907475,FREE MOBILE,AJO,LTE 900,"6 BIS, AVENUE DU PARC (METRO ROSERAIE) 31500 TOULOUSE",31555,"43.62,1.4697",Intérieur sous-terrain,1m,Société Privée,,False,False
1907488,FREE MOBILE,AJO,LTE 900,18 CHEM DES IZARDS (METRO TROIS COCUS) 31500 TOULOUSE,31555,"43.6378,1.4442",Intérieur sous-terrain,1m,Société Privée,,False,False
1922302,FREE MOBILE,ALL,LTE 900,AVENUE DU GRAND PRÉ STADE 78960 VOISINS LE BRETONNEUX,78688,"48.7589,2.0456",Pylône tubulaire,"19,5m",FREE-MOBILE,2025-10-31,False,False
1929516,FREE MOBILE,ALL,5G NR 700,LES PETITES LOGES (LASCROUX) 23320 FLEURAT,23082,"46.2264,1.7025",Pylône autostable,43m,TDF,2025-10-31,False,False
1958536,FREE MOBILE,ALL,LTE 900,4 RUE ROGER AINI 14100 LISIEUX,14366,"49.1458,0.2306",Bâtiment,"48,3m",Établissement de soins,2025-10-31,False,False
1979040,FREE MOBILE,ALL,LTE 900,2-4 R ANDREA PALLADIO (LE POTEAU) 78280 GUYANCOURT,78297,"48.7656,2.0764",Immeuble,"20,1m",Société HLM,2025-10-31,False,False
1986711,FREE MOBILE,SUP,"UMTS 900, LTE 700, LTE 900, LTE 1800, LTE 2100, LTE 2600, 5G NR 700",CHEMIN LEHBACH (GEISSENFELD) 57330 ZOUFFTGEN,57764,"49.4503,6.1381",Pylône autostable,37m,TDF,2021-02-24,False,False
1987864,FREE MOBILE,ALL,LTE 2100,6 BRUE DE L'OUEST 10300 STE SAVINE,10362,"48.2942,4.06",Immeuble,23m,Société HLM,2025-11-03,False,False
1995959,FREE MOBILE,AJO,LTE 900,70 R DU DR SUREAU 93160 NOISY LE GRAND,93051,"48.8431,2.5514",Immeuble,35m,Société HLM,,False,False
2025832,FREE MOBILE,ALL,LTE 900,CHEM LATERAL AU CHEM DE FER (LA FOSSE AUX MOINES) 95500 GONESSE,95277,"49.0025,2.4292",Pylône autostable,32m,CELLNEX,2025-10-31,False,False
2029852,FREE MOBILE,AJO,LTE 900,2 COURS DES ALLIES (METRO CHARLES DE GAULLE) 35700 RENNES,35238,"48.1056,-1.6769",Intérieur sous-terrain,0m,"Commune, communauté de communes",,False,False
2029888,FREE MOBILE,AJO,LTE 900,AVENUE DES PAYS BAS ZUP SUD QUARTIER LE BLOSNE (METRO TRIANGLE) 35700 RENNES,35238,"48.0864,-1.6606",Intérieur sous-terrain,0m,"Commune, communauté de communes",,False,False
2038400,FREE MOBILE,AJO,5G NR 3500,7 AV DU TRAYAS (PORT DE LA FIGUEIRETTE) 06590 THEOULE SUR MER,06138,"43.4839,6.9353",Pylône tubulaire,22m,FREE-MOBILE,,False,False
2039656,FREE MOBILE,ALL,LTE 900,PARC DE SPORTS GUY LEFEBURE 2 RUE DES MOISONNEURS 78320 LE MESNIL ST DENIS,78397,"48.7497,1.9656",Pylône tubulaire,"31,5m",ON TOWER FRANCE,2025-10-31,False,False
2039918,FREE MOBILE,ALL,5G NR 3500,PISTE DU BELVEDERE PYRENEES 200 (SERRAT DE L'OS) 66120 FONT ROMEU ODEILLO VIA,66124,"42.5256,2.0542",Pylône autostable,"22,5m",FREE-MOBILE,2025-11-03,False,False
2041862,FREE MOBILE,AJO,LTE 900,17 AV DU GENERAL LECLERC (MÉTRO ECOLE VETERINAIRE L8) 94700 MAISONS ALFORT,94046,"48.8147,2.4214",Intérieur sous-terrain,0m,RATP,,False,False
2055636,FREE MOBILE,AJO,LTE 900,RUE DE PARIS FACE RUE BARBES (MÉTRO ROBESPIERRE L9) 93100 MONTREUIL,93048,"48.8558,2.4242",Intérieur sous-terrain,0m,RATP,,False,False
2056745,FREE MOBILE,AJO,5G NR 3500,RUE JEAN COCTEAU 76330 PORT JEROME SUR SEINE,76476,"49.4875,0.5806",Pylône tubulaire,"15,9m",ON TOWER FRANCE,,False,False
2062044,FREE MOBILE,AJO,LTE 900,1 IMPASSE PERIER 34090 MONTPELLIER,34172,"43.6106,3.8761",Bâtiment,"21,9m","Copropriété, Syndic, SCI",,False,False
2075530,FREE MOBILE,ALL,LTE 900,RUE GEORGES BRASSENS 61200 ARGENTAN,61006,"48.7522,-0.0347",Pylône autostable,"42,9m",BOUYGUES,2025-10-31,False,False
2086242,FREE MOBILE,ALL,LTE 900,27 AV DE MONTFORT CHÂTEAU D'EAU 78320 LA VERRIERE,78644,"48.7472,1.9519",Château d'eau - réservoir,44m,"Syndicat des eaux, Adduction",2025-10-31,False,False
2091170,FREE MOBILE,AJO,LTE 900,1 RUELAMARTINE METRO 06300 NICE,06088,"43.7011,7.2694",Tunnel,0m,"Commune, communauté de communes",,False,False
2091174,FREE MOBILE,AJO,LTE 900,15 RUE PASTORELLI METRO 06300 NICE,06088,"43.7017,7.2731",Tunnel,0m,"Commune, communauté de communes",,False,False
2091180,FREE MOBILE,AJO,LTE 900,13 RUE PENCHIENATTI METRO 06300 NICE,06088,"43.7025,7.2769",Tunnel,0m,"Commune, communauté de communes",,False,False
2091182,FREE MOBILE,AJO,LTE 900,R DE L'HOTEL DES POSTES METRO 06300 NICE,06088,"43.7022,7.2753",Tunnel,0m,"Commune, communauté de communes",,False,False
2091184,FREE MOBILE,AJO,LTE 900,RTE DE GRENOBLE METRO 06300 NICE,06088,"43.6994,7.2639",Tunnel,0m,"Commune, communauté de communes",,False,False
2091186,FREE MOBILE,AJO,LTE 900,17 RUE DU MAL JOFFRE 06300 NICE,06088,"43.6964,7.2542",Tunnel,0m,"Commune, communauté de communes",,False,False
2091188,FREE MOBILE,AJO,LTE 900,R DES POTIERS 06300 NICE,06088,"43.6947,7.2533",Tunnel,0m,"Commune, communauté de communes",,False,False
2095314,FREE MOBILE,ALL,LTE 900,32 R ABEL GUYET 78370 PLAISIR,78490,"48.8267,1.9458",Immeuble,25m,Société HLM,2025-10-31,False,False
2101045,FREE MOBILE,AJO,LTE 900,PLACE DU GAL LECLERC   (MÉTRO ANATOLE FRANCE L3) 92300 LEVALLOIS PERRET,92044,"48.8922,2.2853",Intérieur sous-terrain,0m,RATP,,False,False
2108632,FREE MOBILE,ALL,LTE 900,33 RUE PIERRE SEMARD 51100 REIMS,51454,"49.2806,4.0317",Immeuble,19m,Société HLM,2025-10-31,False,False
2113646,FREE MOBILE,ALL,LTE 900,ROUTE DE VAUX 89290 AUXERRE,89024,"47.7819,3.5975",Pylône tubulaire,26m,ON TOWER FRANCE,2025-10-31,False,False
2122817,FREE MOBILE,ALL,5G NR 3500,ALLEE DES HIRONDELLES (VAL D'ENFER) 62152 NEUFCHATEL HARDELOT,62604,"50.6275,1.6031",Pylône tubulaire,30m,ON TOWER FRANCE,2025-10-31,False,False
2132722,TELCO OI,ALL,"LTE 2100, LTE 2600",1531 CHEMIN VALENTIN 97440 ST ANDRE,97409,"-20.9631,55.6767",Pylône autostable,"21,9m",Particulier,2025-08-12,False,False
2150927,FREE MOBILE,ALL,LTE 900, (LES MURAILLES) 85520 JARD SUR MER,85114,"46.4114,-1.5672",Pylône autostable,"43,3m",TDF,2025-10-31,False,False
2162301,FREE MOBILE,ALL,LTE 900,8 RUE HENRI CAHN 94360 BRY SUR MARNE,94015,"48.8383,2.5236",Immeuble,23m,Société HLM,2025-10-31,False,False
2164364,FREE MOBILE,AJO,LTE 900, (LA COMBE DES ANGES) 19220 ST PRIVAT,19237,"45.1475,2.1003",Pylône autostable,"39,3m",TDF,,False,False
2169497,FREE MOBILE,ALL,LTE 900,CHEMIN DES VIGNES 91190 GIF SUR YVETTE,91272,"48.7061,2.1194",Pylône tubulaire,31m,ON TOWER FRANCE,2025-10-31,False,False
2173014,FREE MOBILE,ALL,LTE 900,CHEMIN DE CHEVINCOURT A AIGREFOIN 78470 ST REMY LES CHEVREUSE,78575,"48.7139,2.0911",Pylône tubulaire,25m,ON TOWER FRANCE,2025-10-31,False,False
2176827,TELCO OI,ALL,"LTE 2100, LTE 2600, 5G NR 700, 5G NR 3500",57 ALLEE DES PAILLES EN QUEUE 97460 ST PAUL,97415,"-21.0278,55.2319",Mât béton,12m,Particulier,2025-10-14,False,False
2181490,FREE MOBILE,ALL,LTE 900,8 SQUARE STENDHAL 78190 TRAPPES,78621,"48.7808,1.9803",Immeuble,18m,"Copropriété, Syndic, SCI",2025-10-31,False,False
2196596,TELCO OI,ALL,"LTE 2100, LTE 2600",149TER ROUTE DE LA MONTAGNE CD41 97419 LA POSSESSION,97408,"-20.9281,55.3611",Pylône autostable,"21,5m",Telco OI,2025-08-12,False,False
2203545,FREE MOBILE,AJO,LTE 900, (TERRES DE CROIX) 07100 ROIFFIEUX,07197,"45.215,4.6772",Pylône autostable,29m,ATC FRANCE,,False,False
2226499,FREE MOBILE,ALL,LTE 900,58 AVENUE DE CHEVREUSE 78370 PLAISIR,78490,"48.7992,1.9636",Pylône tubulaire,37m,ON TOWER FRANCE,2025-10-31,False,False
2227171,FREE MOBILE,AJO,LTE 900, (AUPINHAC) 43260 ST PIERRE EYNAC,43218,"45.0525,4.0142",Pylône autostable,20m,ATC FRANCE,,False,False
2232216,FREE MOBILE,AJO,5G NR 3500,"4, RUE D'ALLERAY 75015 PARIS 15",75115,"48.8386,2.3006",Bâtiment,"28,8m",Société Privée,,False,False
2232216,FREE MOBILE,ALL,LTE 900,"4, RUE D'ALLERAY 75015 PARIS 15",75115,"48.8386,2.3006",Bâtiment,"28,8m",Société Privée,2025-11-03,False,False
2241952,FREE MOBILE,ALL,LTE 900,4 ROUTE DE TRAPPES 78180 MONTIGNY LE BRETONNEUX,78423,"48.7719,2.0164",Pylône tubulaire,25m,ON TOWER FRANCE,2025-10-31,False,False
2247560,FREE MOBILE,AAV,LTE 700,ANGLE D940/D193 LA MARIOUNE (CHAROST) 18160 ST HILAIRE EN LIGNIERES,18216,"46.7169,2.1572",Pylône autostable,30m,TOTEM,2025-11-10,False,True
2247560,FREE MOBILE,ALL,"UMTS 900, LTE 1800",ANGLE D940/D193 LA MARIOUNE (CHAROST) 18160 ST HILAIRE EN LIGNIERES,18216,"46.7169,2.1572",Pylône autostable,30m,TOTEM,2025-10-31,False,True
2272187,FREE MOBILE,ALL,LTE 900,15 RUE NORMANDIE NIEMEN 78990 ELANCOURT,78208,"48.795,1.9733",Bâtiment,"16,3m",Société HLM,2025-10-31,False,False
2289175,FREE MOBILE,ALL,"5G NR 700, 5G NR 3500",RUE DE LA RUETTE DAVID D118 CROUTE À L'AIR (CROIX DE LA HAYE) 50690 LA HAGUE,50041,"49.6161,-1.815",Pylône autostable,30m,TOTEM,2025-10-31,False,False
2293743,FREE MOBILE,AAV,LTE 700,VC N° 2 (LA MOZE) 07210 ST LAGER BRESSAC,07260,"44.6864,4.7033",Pylône autostable,"25,5m",ATC FRANCE,2025-11-10,False,True
2328750,TELCO OI,ALL,"LTE 2100, LTE 2600",85 CHEMIN DES DALHIAS 97450 ST LOUIS,97414,"-21.2803,55.4464",Pylône autostable,20m,Telco OI,2025-08-13,False,False
2335901,FREE MOBILE,ALL,LTE 900,AV GEORGES POMPIDOU PARKING GEORGES POMPIDOU 78330 FONTENAY LE FLEURY,78242,"48.8081,2.0389",Pylône tubulaire,"39,4m",CELLNEX,2025-10-31,False,False
2372786,FREE MOBILE,ALL,LTE 900,RUE LES TILLEULS (LA GRANDE PIECE) 62120 MAZINGHEM,62564,"50.6097,2.4294",Pylône tubulaire,"25,5m",ON TOWER FRANCE,2025-10-31,False,False
2404436,FREE MOBILE,AJO,LTE 900, (5 ALLEE DES BIEVRES) 78000 VERSAILLES,78646,"48.7842,2.1164",Immeuble,29m,Société HLM,,False,False
2404632,FREE MOBILE,AJO,LTE 900, (LA COLLE DE PIERRE) 83570 COTIGNAC,83046,"43.5344,6.1572",Pylône autostable,"27,7m",FREE-MOBILE,,False,False
2430854,FREE MOBILE,ALL,5G NR 3500,ROUTE FORESTIERE DE LA VALLEE HEUREUSE 66690 SOREDE,66196,"42.5125,2.9622",Pylône arbre,"26,7m",ON TOWER FRANCE,2025-10-31,False,False
2464388,FREE MOBILE,AAV,LTE 700,ROUTE DE VARENNES (L'ECLAINE) 86220 INGRANDES,86111,"46.8689,0.5642",Pylône autostable,"32,8m",ATC FRANCE,2025-11-10,False,True
2470332,FREE MOBILE,ALL,LTE 900,ROUTE DU CAP DE LASCAMPS (LAS CAMPS) 46090 LAMAGDELAINE,46149,"44.4675,1.5017",Pylône autostable,32m,Sociétés d'Autoroutes,2025-10-31,False,False
2481971,FREE MOBILE,AJO,LTE 900,D.436 (BOIS DU PUY ANDRE) 16250 CHAMPAGNE VIGNY,16075,"45.4983,0.0508",Pylône autostable,"32,5m",TDF,,False,False
2503433,FREE MOBILE,ALL,LTE 900,RUE PAUL LANGEVIN N104 91700 STE GENEVIEVE DES BOIS,91549,"48.6256,2.3347",Pylône tubulaire,18m,"Commune, communauté de communes",2025-11-03,False,False
2557711,FREE MOBILE,ALL,LTE 900,CHEM CHARBON (ZA VILSAIN 2) 28200 CHATEAUDUN,28088,"48.0722,1.3547",Pylône tubulaire,"25,5m",PHOENIX FRANCE INFRASTRUCTURES,2025-10-31,False,False
2577912,TELCO OI,ALL,"LTE 2100, LTE 2600",43 RUE TETU 97460 ST PAUL,97415,"-21.0767,55.2703",Bâtiment,"12,5m",Société HLM,2025-08-22,False,False
2633689,FREE MOBILE,ALL,5G NR 700,RUE DU PAVÉ STATION EPURATION (GRENELLE) 49400 ROU MARSON,49262,"47.2408,-0.1411",Pylône autostable,32m,PHOENIX FRANCE INFRASTRUCTURES,2025-10-31,False,False
2665390,FREE MOBILE,ALL,5G NR 700,872 RUE DES COMBES D307 69360 SOLAIZE,69296,"45.6472,4.8556",Pylône autostable,"32,5m",FREE-MOBILE,2025-10-31,False,False
2724737,FREE MOBILE,ALL,LTE 900,NATIONALE 12 - SOUS LE PONT D134/D912 78370 PLAISIR,78490,"48.7986,1.9303",Mât,8m,DDE,2025-10-31,False,False
2739684,FREE MOBILE,ALL,LTE 900,54 CHEMIN DES SALLES 06800 CAGNES SUR MER,06027,"43.675,7.1481",Pylône autostable,21m,FREE-MOBILE,2025-10-31,False,False
2742551,FREE MOBILE,AJO,5G NR 3500,35 AVENUE KLEBER 75116 PARIS 16,75116,"48.8692,2.2922",Bâtiment,28m,Société Privée,,False,False
2742551,FREE MOBILE,ALL,LTE 900,35 AVENUE KLEBER 75116 PARIS 16,75116,"48.8692,2.2922",Bâtiment,28m,Société Privée,2025-11-03,False,False
2748049,FREE MOBILE,ALL,LTE 900,RUE DE LA CRÂ 44860 PONT ST MARTIN,44130,"47.1467,-1.5506",Pylône autostable,33m,TDF,2025-10-31,False,False
2760032,FREE MOBILE,AAV,LTE 700,R DE LA COUR NEUVE 35550 LOHEAC,35155,"47.8633,-1.8911",Pylône haubané,"33,8m",PHOENIX FRANCE INFRASTRUCTURES,2025-11-10,False,True
2760032,FREE MOBILE,ALL,"UMTS 900, LTE 1800, LTE 2600",R DE LA COUR NEUVE 35550 LOHEAC,35155,"47.8633,-1.8911",Pylône haubané,"33,8m",PHOENIX FRANCE INFRASTRUCTURES,2025-10-31,False,True
276239,TELCO OI,ALL,"LTE 2100, LTE 2600, 5G NR 700, 5G NR 3500",2 R MAURY 97480 ST JOSEPH,97412,"-21.3775,55.6164",Pylône autostable,20m,ORANGE Services Fixes,2025-05-28,False,False
2773444,FREE MOBILE,ALL,"LTE 2100, 5G NR 700, 5G NR 3500",RÉSIDENCE LA MOSSON - 57 RUE D'OXFORD BÂTIMENT 3 ESCALIER 25 34090 MONTPELLIER,34172,"43.6267,3.8211",Immeuble,"19,5m",Société HLM,2025-10-31,False,False
2795343,FREE MOBILE,AJO,LTE 900,RUE DU PONT DES TOUCHES (LES CHAFFAUDS) 85390 CHAVAGNES LES REDOUX,85066,"46.7186,-0.9222",Pylône tubulaire,"31,2m",FREE-MOBILE,,False,False
2805016,FREE MOBILE,AAV,LTE 700,62 BOULEVARD FLANDRIN 75116 PARIS 16,75116,"48.8683,2.2742",Immeuble,"35,2m","Copropriété, Syndic, SCI",2025-11-10,False,True
2812433,FREE MOBILE,AJO,LTE 900,PROCHE ROUTE DU LACHAT (REGUET) 73590 NOTRE DAME DE BELLECOMBE,73186,"45.8083,6.5419",Pylône tubulaire,"18,4m",TDF,,False,False
2813476,FREE MOBILE,ALL,LTE 900,1 RUE FELIX FAURE (LA SANGLE) 78130 LES MUREAUX,78440,"48.9989,1.9119",Pylône autostable,54m,TOTEM,2025-10-31,False,False
2814375,FREE MOBILE,ALL,LTE 900,RUE DE RUSTENHART 68127 NIEDERENTZEN,68234,"47.9483,7.3858",Pylône autostable,"38,6m",TDF,2025-10-31,False,False
2816515,FREE MOBILE,ALL,LTE 900,RUE MONSEIGNEUR MASSE 85500 LES HERBIERS,85109,"46.8439,-1.0042",Pylône autostable,32m,ATC FRANCE,2025-10-31,False,False
2818960,FREE MOBILE,ALL,5G NR 700,ROUTE DE GODERVILLE (LA GRANDE RUE) 76430 ST GILLES DE LA NEUVILLE,76586,"49.5803,0.3539",Pylône autostable,"32,6m",TDF,2025-10-31,False,False
2849945,FREE MOBILE,AAV,LTE 700,VOIE COMMUNALE N°4 (NOUVEAU CIMETIÈRE) 78125 ORCEMONT,78464,"48.5908,1.8067",Pylône autostable,30m,ATC FRANCE,2025-11-10,False,True
2855627,FREE MOBILE,ALL,LTE 900,CHEMIN DE CLAVARY 06580 PEGOMAS,06090,"43.6086,6.9267",Pylône autostable,"24,6m",FREE-MOBILE,2025-10-31,False,False
2860768,FREE MOBILE,ALL,LTE 900,ROUTE DE L ESCOURTILLE A63 (BRANA) 40230 ST GEOURS DE MAREMNE,40261,"43.6867,-1.2586",Pylône autostable,"44,8m",Sociétés d'Autoroutes,2025-10-31,False,False
2872111,FREE MOBILE,ALL,5G NR 700,CHEMIN DE LA COSTE (COSTES) 31470 BONREPOS SUR AUSSONNELLE,31075,"43.5553,1.1508",Pylône autostable,"32,8m",FREE-MOBILE,2025-10-31,False,False
2876557,FREE MOBILE,ALL,"LTE 2100, 5G NR 3500",45 AVENUE DES VOLCANS RÉSIDENCE VERCINGÉTORIX 63670 LE CENDRE,63069,"45.7194,3.1842",Immeuble,19m,Société HLM,2025-10-31,False,False
2878385,FREE MOBILE,ALL,LTE 900,PROCHE RUE DU VASTIL 29150 CHATEAULIN,29026,"48.2064,-4.0867",Pylône autostable,39m,FREE-MOBILE,2025-10-31,False,False
2878757,FREE MOBILE,ALL,LTE 900,6 AVENUE DE BERDABERRI (MAISONNAVE) 64990 MOUGUERRE,64407,"43.4875,-1.4303",Pylône autostable,27m,TOTEM,2025-10-31,False,False
2880160,FREE MOBILE,AAV,LTE 700,CHEMIN DU PLO (A LA FOUN) 11600 SALLELES CABARDES,11368,"43.3219,2.4236",Pylône autostable,21m,FREE-MOBILE,2025-11-10,True,True
2881623,FREE MOBILE,AJO,LTE 900,94 CHEMIN DE LA VAILLE (LA COLLETTE) 83260 LA CRAU,83047,"43.1333,6.0803",Pylône tubulaire,18m,FREE-MOBILE,,False,False
2882270,FREE MOBILE,AJO,5G NR 3500,2-4 R MARC SANGNIER 94230 CACHAN,94016,"48.7861,2.3297",Immeuble,35m,"Copropriété, Syndic, SCI",,False,False
2882773,FREE MOBILE,AAV,LTE 700,PROCHE D338 (SAINT JACQUES) 72500 DISSAY SOUS COURCILLON,72115,"47.6794,0.4419",Pylône autostable,"32,6m",TDF,2025-11-10,False,False
2884817,FREE MOBILE,ALL,LTE 900,RUE DE LA FONTAINE MINÉRALE PROCHE STATION D'ÉPURATION  (LES PRÉS DE VERNEUIL-NORD) 27160 VERNEUIL D AVRE ET D ITON,27679,"48.7336,0.9375",Pylône tubulaire,38m,FREE-MOBILE,2025-10-31,False,False
2885544,FREE MOBILE,AJO,LTE 900,PROCHE RUE  LE POITEVIN (SAUDAIS) 37800 DRACHE,37098,"47.0817,0.6403",Pylône autostable,33m,TDF,,False,False
2886284,FREE MOBILE,ALL,"LTE 2100, 5G NR 3500",8 RUE JOSEPH CUGNOT 69720 ST BONNET DE MURE,69287,"45.7014,5.0183",Pylône autostable,"32,3m",CELLNEX,2025-10-31,False,False
2886292,FREE MOBILE,AJO,5G NR 3500,ROUTE DES CHAVANNES (LES CHAVANNES) 74260 LES GETS,74134,"46.1503,6.685",Pylône autostable,40m,Towercast,,False,False
2888195,FREE MOBILE,ALL,LTE 900,195 AVENUE PIERRE BROSSOLÈTEPARCELLE 94170 LE PERREUX SUR MARNE,94058,"48.8344,2.5139",Bâtiment,"21,9m","Copropriété, Syndic, SCI",2025-10-31,False,False
2888390,FREE MOBILE,AJO,LTE 900,A89 (CHAMTELOUP) 63410 CHARBONNIERES LES VIEILLES,63093,"45.9597,3.0019",Pylône autostable,30m,ATC FRANCE,,False,False
2889144,FREE MOBILE,AAV,LTE 700,PROCHE D64 (LA LONGAGNE) 12150 SEVERAC D AVEYRON,12270,"44.3844,2.9675",Pylône autostable,"26,9m",FREE-MOBILE,2025-11-10,True,True
2894628,FREE MOBILE,AAV,LTE 700,1113 CHEMIN DE GRENOUILLET 83390 PUGET VILLE,83100,"43.2644,6.1411",Pylône autostable,17m,FREE-MOBILE,2025-11-10,False,True
2894628,FREE MOBILE,ALL,"UMTS 900, LTE 1800, LTE 2600",1113 CHEMIN DE GRENOUILLET 83390 PUGET VILLE,83100,"43.2644,6.1411",Pylône autostable,17m,FREE-MOBILE,2025-10-31,False,True
2895660,FREE MOBILE,AAV,LTE 700,PARC DES EXPOSITIONS HALL 2B (AÉROPORT DE PARIS-LE BOURGET) 93440 DUGNY,93030,"48.9439,2.4289",Bâtiment,11m,"CCI, Ch Métier, Port Aut, Aéroport",2025-11-10,False,False
2895660,FREE MOBILE,ALL,"LTE 2100, 5G NR 3500",PARC DES EXPOSITIONS HALL 2B (AÉROPORT DE PARIS-LE BOURGET) 93440 DUGNY,93030,"48.9439,2.4289",Bâtiment,11m,"CCI, Ch Métier, Port Aut, Aéroport",2025-10-31,False,False
2895672,FREE MOBILE,ALL,5G NR 3500,RUE DE SARRELOUIS 57320 BOUZONVILLE,57106,"49.2933,6.5456",Pylône autostable,35m,TDF,2025-10-31,False,False
2895676,FREE MOBILE,ALL,5G NR 700,D1075 (LA GARENNE) 05140 ST JULIEN EN BEAUCHENE,05146,"44.5931,5.7164",Pylône autostable,24m,ATC FRANCE,2025-10-31,False,False
2898466,FREE MOBILE,AAV,LTE 700,113 AVENUE VICTOR HUGO 92500 RUEIL MALMAISON,92063,"48.8875,2.1731",Immeuble,29m,"Copropriété, Syndic, SCI",2025-11-10,False,False
2898466,FREE MOBILE,ALL,"LTE 2100, 5G NR 3500",113 AVENUE VICTOR HUGO 92500 RUEIL MALMAISON,92063,"48.8875,2.1731",Immeuble,29m,"Copropriété, Syndic, SCI",2025-10-31,False,False
2898589,FREE MOBILE,ALL,"LTE 2100, 5G NR 700, 5G NR 3500",PLACE AUGUSTE BLANQUI 06300 NICE,06088,"43.705,7.29",Immeuble,"26,8m",Société Privée,2025-10-31,False,False
2903171,FREE MOBILE,ALL,5G NR 700,PRÈS DE BISCONTE 31290 MONTGAILLARD LAURAGAIS,31377,"43.4203,1.6894",Pylône autostable,39m,ATC FRANCE,2025-10-31,False,False
2906393,FREE MOBILE,ALL,LTE 900,PRÈS DU CHEMIN DU RÉAL 83480 PUGET SUR ARGENS,83099,"43.4706,6.6956",Pylône arbre,"26,6m",Société Privée,2025-10-31,False,False
2910876,FREE MOBILE,ALL,"LTE 2100, 5G NR 3500",7 CHEMIN DE GARGANTUA 69570 DARDILLY,69072,"45.8203,4.7583",Bâtiment,"20,3m",Société HLM,2025-11-03,False,False
2911171,FREE MOBILE,AAV,LTE 700,RUE DU FAUBOURG BANNIER 45100 ORLEANS,45234,"47.9242,1.8969",Bâtiment,17m,Société HLM,2025-11-10,False,True
2911171,FREE MOBILE,ALL,"UMTS 900, LTE 1800, LTE 2600",RUE DU FAUBOURG BANNIER 45100 ORLEANS,45234,"47.9242,1.8969",Bâtiment,17m,Société HLM,2025-10-31,False,True
2915833,FREE MOBILE,AJO,LTE 900,CHEMIN DE SAINT GEORGES D ORQUES (LES SERRES) 34880 LAVERUNE,34134,"43.5933,3.7967",Pylône tubulaire,31m,FREE-MOBILE,,False,False
2916675,FREE MOBILE,ALL,"LTE 2100, 5G NR 3500",130 RUE DE LA BOUCLE (VAL THORENS) 73600 LES BELLEVILLE,73257,"45.2992,6.5836",Bâtiment,15m,"Commune, communauté de communes",2025-11-03,False,False
2918753,FREE MOBILE,ALL,LTE 900,CHE DE ROSNY À AUFFREVILLE 78200 MAGNANVILLE,78354,"48.9653,1.6742",Pylône autostable,24m,CELLNEX,2025-10-31,False,False
2922113,FREE MOBILE,AJO,LTE 900,ROUTE DE DOUARNENEZ 29000 QUIMPER,29232,"47.9981,-4.1172",Pylône tubulaire,"37,3m",FREE-MOBILE,,False,True
2924553,FREE MOBILE,AAV,LTE 700,"2-4-6-8, RUE DES CHEMINOTS 93210 ST DENIS",93066,"48.9156,2.3531",Bâtiment,"23,2m",Société HLM,2025-11-10,False,False
2925884,FREE MOBILE,AJO,LTE 900,AVENUE JEAN MERMOZ 64000 PAU,64445,"43.3097,-0.3767",Immeuble,"30,2m","Copropriété, Syndic, SCI",,False,False
2927496,FREE MOBILE,ALL,LTE 900,SENTIER NOUVEAU PORT (WALIGATOR) 57280 MAIZIERES LES METZ,57433,"49.2292,6.1506",Pylône autostable,36m,FREE-MOBILE,2025-10-31,False,False
2929241,FREE MOBILE,ALL,LTE 900,CHEMIN RURAL DE LA STATION D'ÉPURATION D 652 (LANDES DARMUZEY) 40460 SANGUINET,40287,"44.5186,-1.0606",Pylône autostable,36m,TOTEM,2025-10-31,False,False
2931494,FREE MOBILE,ALL,LTE 900,RUE DE STOSSWIHR 67200 STRASBOURG,67482,"48.57,7.7736",Bâtiment,23m,Société HLM,2025-10-31,False,False
2932078,FREE MOBILE,AAV,LTE 700,RUE DU PARC 49520 SEGRE EN ANJOU BLEU,49331,"47.705,-0.9614",Pylône autostable,"40,4m",FREE-MOBILE,2025-11-10,False,True
2932078,FREE MOBILE,ALL,"UMTS 900, LTE 1800, LTE 2600",RUE DU PARC 49520 SEGRE EN ANJOU BLEU,49331,"47.705,-0.9614",Pylône autostable,"40,4m",FREE-MOBILE,2025-10-31,False,True
2932990,FREE MOBILE,ALL,LTE 900,72 AVENUE D ITALIE (TOLBIAC) 75013 PARIS 13,75113,"48.8267,2.3567",Immeuble,"27,3m",Société HLM,2025-10-31,False,False
2934670,FREE MOBILE,ALL,"LTE 900, LTE 2100, 5G NR 3500",25BIS AV JOSEPH CLAUSSAT GROUPE JOSEPH CLAUSSAT 63400 CHAMALIERES,63075,"45.7772,3.0686",Immeuble,"21,3m",Société HLM,2025-10-31,False,False
2936156,FREE MOBILE,AAV,LTE 700,CHEMIN DE LA MILTIÈRE (LE TERTRE) 37130 LIGNIERES DE TOURAINE,37128,"47.2906,0.4122",Pylône autostable,36m,ATC FRANCE,2025-11-10,False,True
2936156,FREE MOBILE,ALL,"UMTS 900, LTE 1800, LTE 2600",CHEMIN DE LA MILTIÈRE (LE TERTRE) 37130 LIGNIERES DE TOURAINE,37128,"47.2906,0.4122",Pylône autostable,36m,ATC FRANCE,2025-10-31,False,True
2936917,FREE MOBILE,ALL,"LTE 2100, 5G NR 3500",39 BOULEVARD DE L'EUROPE 31600 MURET,31395,"43.4714,1.3314",Immeuble,40m,TOTEM,2025-10-31,False,False
2941806,FREE MOBILE,ALL,LTE 900,48 BOULEVARD MICHELET 93130 NOISY LE SEC,93053,"48.8911,2.4597",Bâtiment,"21,6m","Copropriété, Syndic, SCI",2025-10-31,False,False
2942146,FREE MOBILE,ALL,LTE 900,31 GRANDE RUE SAINT MICHEL 31500 TOULOUSE,31555,"43.5861,1.4469",Immeuble,28m,"Copropriété, Syndic, SCI",2025-10-31,False,False
2944372,FREE MOBILE,AAV,LTE 700,50 LAN EREMUKO BIDEA 64250 AINHOA,64014,"43.2903,-1.4947",Pylône autostable,36m,TOTEM,2025-11-10,False,False
2947194,FREE MOBILE,ALL,"LTE 2100, 5G NR 3500",PLACE MANOLO PEREZ. STADE PICQUESSARY 64340 BOUCAU,64140,"43.5258,-1.4869",Pylône autostable,26m,TOTEM,2025-10-31,False,False
2948006,FREE MOBILE,ALL,5G NR 700,ROUTE DU MOULIN A EAU (BARETTE) 33210 FARGUES,33164,"44.5408,-0.2994",Pylône autostable,39m,FREE-MOBILE,2025-10-31,False,False
2948687,FREE MOBILE,ALL,LTE 900,19 RUE PERE SANSON 14000 CAEN,14118,"49.1986,-0.37",Immeuble,"19,4m",Société HLM,2025-10-31,False,False
2952650,FREE MOBILE,ALL,5G NR 700,D960 (LE BOURROU) 36150 AIZE,36002,"47.1161,1.7281",Pylône autostable,"44,9m",FREE-MOBILE,2025-10-31,False,False
2952656,FREE MOBILE,ALL,"LTE 2100, 5G NR 700",723 AVENUE DE CASSENEUIL PLAINE DU ROC 47300 LEDAT,47146,"44.4286,0.6772",Pylône autostable,"26,7m",FREE-MOBILE,2025-10-31,False,False
2956909,FREE MOBILE,ALL,LTE 900,"15, AVENUE DU 29 AOÛT 1944 51000 CHALONS EN CHAMPAGNE",51108,"48.9447,4.3708",Bâtiment,52m,Société HLM,2025-10-31,False,False
2957323,FREE MOBILE,ALL,"LTE 2100, 5G NR 700, 5G NR 3500",28 RUE GUSTAVE EIFFEL N104 91070 BONDOUFLE,91086,"48.6233,2.3722",Pylône tubulaire,32m,CELLNEX,2025-11-03,False,False
2957484,FREE MOBILE,ALL,LTE 900,CHEMIN DE LA RENARDIERE (LA RENARDIERE) 30310 VERGEZE,30344,"43.7517,4.2181",Pylône autostable,"32,6m",TDF,2025-10-31,False,False
2958308,FREE MOBILE,ALL,LTE 900,660 AVENUE DU PYLÔNE 06600 ANTIBES,06004,"43.6136,7.1186",Pylône tubulaire,12m,FREE-MOBILE,2025-10-31,False,False
2959505,FREE MOBILE,ALL,LTE 900,ROUTE DE VILLENEUVE LES MAGUELONE (MAS VALERO) 34970 LATTES,34129,"43.5533,3.8586",Pylône tubulaire,12m,FREE-MOBILE,2025-10-31,False,False
2959928,FREE MOBILE,ALL,LTE 900,23 AV DE LA 1ERE DIVISION BLINDEE 68200 MULHOUSE,68224,"47.7342,7.34",Bâtiment,30m,Établissement de soins,2025-10-31,False,False
2961591,FREE MOBILE,ALL,5G NR 700,CHEM D'ARBOUSSET (L'ARBOUSSET) 30140 BOISSET ET GAUJAC,30042,"44.0539,3.9997",Pylône autostable,34m,TOTEM,2025-10-31,False,False
2964646,FREE MOBILE,ALL,LTE 900,556 AVANUE LOUIS RAVAS 34090 MONTPELLIER,34172,"43.6208,3.8497",Immeuble,"27,3m",Société HLM,2025-10-31,False,False
2964654,FREE MOBILE,ALL,"LTE 2100, 5G NR 3500",122 RUE RAOUL FOLLEREAU (JUSTICE) 34090 MONTPELLIER,34172,"43.6269,3.8742",Immeuble,"18,6m",Société HLM,2025-11-03,False,False
2964660,FREE MOBILE,AAV,LTE 700,PRÈS DE LA RUE DU THAA (MATILON) 40530 LABENNE,40133,"43.5872,-1.4181",Pylône autostable,"44,8m",Sociétés d'Autoroutes,2025-11-10,False,False
2964674,FREE MOBILE,ALL,LTE 900,92 RUE DU CHERCHE-MIDI 75006 PARIS 06,75106,"48.8475,2.3222",Immeuble,"23,1m","Copropriété, Syndic, SCI",2025-10-31,False,False
2964686,FREE MOBILE,ALL,LTE 900,CHEMIN DES BASSINS (POINTE DU LAC) 94000 CRETEIL,94028,"48.7678,2.4658",Bâtiment,"28,2m","Copropriété, Syndic, SCI",2025-10-31,False,False
2965127,FREE MOBILE,ALL,LTE 900,AVENUE DU PAVILLON ROYAL (FORET DE ROUGEAU) 77176 NANDY,77326,"48.58,2.5544",Pylône arbre,"16,6m",FREE-MOBILE,2025-10-31,False,False
2965888,FREE MOBILE,ALL,LTE 900,8 RUE CAMILLE MUFFAT (LES BRUGUES) 31500 TOULOUSE,31555,"43.5689,1.3678",Immeuble,"12,3m",Société HLM,2025-10-31,False,False
2965900,FREE MOBILE,ALL,LTE 900,330 ROUTE NATIONALE 97 (LE LOGIS NEUF) 83210 SOLLIES VILLE,83132,"43.1769,6.0475",Pylône autostable,27m,FREE-MOBILE,2025-10-31,False,False
2966421,FREE MOBILE,ALL,LTE 900,AVENUE DE LA PETITE MOTTE (LA PETITE MOTTE) 34280 LA GRANDE MOTTE,34344,"43.5658,4.0731",Pylône autostable,34m,TOTEM,2025-10-31,False,False
2970024,FREE MOBILE,ALL,LTE 900,7-23 RUE DENFERT ROCHEREAU 76620 LE HAVRE,76351,"49.4867,0.1394",Immeuble,20m,Société HLM,2025-10-31,False,False
2970809,FREE MOBILE,ALL,LTE 900,22 AVENUE DE LATTRE DE TASSIGNY 21200 BEAUNE,21054,"47.0317,4.8481",Bâtiment,"16,4m",FREE-MOBILE,2025-10-31,False,False
2971333,FREE MOBILE,ALL,LTE 900,4B RUE EDOUARD JOLY 21200 BEAUNE,21054,"47.0397,4.835",Bâtiment,"15,9m",FREE-MOBILE,2025-10-31,False,False
2971594,FREE MOBILE,ALL,"LTE 2100, 5G NR 700",CHEM DE L EFFLY PAC FERRARI 74140 SCIEZ,74263,"46.3272,6.3692",Pylône autostable,32m,TOTEM,2025-10-31,False,False
2972144,FREE MOBILE,ALL,LTE 900,163 RUE CLÉMENCEAU POCHE CENTRE COMMERCIAL CORA 59139 WATTIGNIES,59648,"50.5931,3.0522",Pylône tubulaire,"31,3m",TOTEM,2025-10-31,False,False
2972690,FREE MOBILE,ALL,"LTE 2100, 5G NR 3500",25  RUE DES VOSGES 27500 PONT AUDEMER,27467,"49.3533,0.4928",Immeuble,16m,Société HLM,2025-10-31,False,False
2973323,FREE MOBILE,ALL,"LTE 2100, 5G NR 3500",8 RUE DE VOUVRAY 49300 CHOLET,49099,"47.0697,-0.8581",Pylône tubulaire,"31,5m",FREE-MOBILE,2025-10-31,False,False
2975060,FREE MOBILE,ALL,LTE 900,STRADA DI A PINETA (VESPAJO) 20144 ZONZA,2A362,"41.6725,9.3661",Pylône autostable,"11,8m",FREE-MOBILE,2025-10-31,False,False
2980150,FREE MOBILE,AAV,LTE 700,740 AVENUE DE ROUMANILLE 06410 BIOT,06018,"43.6242,7.0719",Bâtiment,"14,7m",Société Privée,2025-11-10,False,True
2980150,FREE MOBILE,ALL,"UMTS 900, LTE 1800, LTE 2600",740 AVENUE DE ROUMANILLE 06410 BIOT,06018,"43.6242,7.0719",Bâtiment,"14,7m",Société Privée,2025-10-31,False,True
2980710,FREE MOBILE,AAV,LTE 700,ROUTE DE MONTFERRAT (LES SALLES) 83300 DRAGUIGNAN,83050,"43.5492,6.4458",Bâtiment,32m,Établissement de soins,2025-11-10,False,True
2980879,FREE MOBILE,ALL,LTE 900,ROUTE DE POLLESTRES (LES CLOTES) 66680 CANOHES,66038,"42.6433,2.8444",Pylône autostable,21m,FREE-MOBILE,2025-10-31,False,False
2980883,FREE MOBILE,ALL,LTE 900,29 RUE SAINT MATHIEU (LES QUATRE MAISONS) 69008 LYON 08,69388,"45.7425,4.8647",Immeuble,"30,6m","Copropriété, Syndic, SCI",2025-10-31,False,False
2984550,FREE MOBILE,ALL,"LTE 2100, 5G NR 3500",16 TER RUE DE MENEZ PLEN 29940 LA FORET FOUESNANT,29057,"47.9136,-3.9792",Pylône tubulaire,31m,ATC FRANCE,2025-10-31,False,False
2986534,FREE MOBILE,AJO,LTE 900,64 AVENUE MARCEL MÉRIEUX 69290 ST GENIS LES OLLIERES,69205,"45.7581,4.7189",Bâtiment,"12,9m",Société HLM,,False,True
2988420,FREE MOBILE,AJO,LTE 900,1/7 RUE CONVENTIONNEL CHIAPPE 75013 PARIS 13,75113,"48.8192,2.3636",Bâtiment,"39,5m",Société HLM,,False,False
2989035,FREE MOBILE,ALL,"LTE 2100, 5G NR 3500",1-1 BIS RUE DU 8 MAI 1945 00404 ERR CONV INSEE,69152,"45.7008,4.8269",Immeuble,"38,3m",Société HLM,2025-10-31,False,False
2990146,FREE MOBILE,ALL,"LTE 900, LTE 2100, 5G NR 3500",RUE DU STADE ALLÉE A.RIMBAUD 43120 MONISTROL SUR LOIRE,43137,"45.2903,4.1625",Pylône tubulaire,25m,FREE-MOBILE,2025-10-31,False,False
2990154,FREE MOBILE,AAV,LTE 700,48 RUE MASSENA 87280 LIMOGES,87085,"45.8478,1.2717",Bâtiment,"18,4m",Société HLM,2025-11-10,False,True
2991071,FREE MOBILE,AAV,LTE 700,2 RUE PASTEUR 69200 VENISSIEUX,69259,"45.6947,4.8839",Immeuble,"18,2m",Société HLM,2025-11-10,False,True
2991071,FREE MOBILE,ALL,"UMTS 900, LTE 1800, LTE 2600",2 RUE PASTEUR 69200 VENISSIEUX,69259,"45.6947,4.8839",Immeuble,"18,2m",Société HLM,2025-10-31,False,True
2992037,FREE MOBILE,AAV,LTE 700,PROCHE ROUTE DE FOUGEROLLES (LE BOIS) 70280 RADDON ET CHAPENDU,70435,"47.8439,6.4653",Pylône autostable,"32,9m",FREE-MOBILE,2025-11-10,False,True
2992037,FREE MOBILE,ALL,"UMTS 900, LTE 1800, LTE 2600",PROCHE ROUTE DE FOUGEROLLES (LE BOIS) 70280 RADDON ET CHAPENDU,70435,"47.8439,6.4653",Pylône autostable,"32,9m",FREE-MOBILE,2025-10-31,False,True
2993461,FREE MOBILE,ALL,LTE 900,ROUTE DE MEYLAN STADE SERGE KAMPF 38330 BIVIERS,38045,"45.2372,5.8017",Pylône tubulaire,"25,5m",FREE-MOBILE,2025-10-31,False,False
2995486,FREE MOBILE,AAV,LTE 700,PROCHE D173 (LE MATZ) 35640 MARTIGNE FERCHAUD,35167,"47.805,-1.2936",Pylône autostable,"38,6m",TDF,2025-11-10,False,False
2996315,FREE MOBILE,ALL,LTE 900,RUE VOLTAIRE (LE BRAY) 59283 RAIMBEAUCOURT,59489,"50.4328,3.1019",Pylône autostable,"31,2m",FREE-MOBILE,2025-10-31,False,False
2998121,FREE MOBILE,ALL,"LTE 2100, 5G NR 3500",PROCHE CHEMIN DE LA PETITE BISE (LES BARASSES) 26700 PIERRELATTE,26235,"44.3928,4.7072",Pylône autostable,27m,FREE-MOBILE,2025-11-03,False,False
2999743,FREE MOBILE,ALL,"LTE 2100, 5G NR 3500",14 BOULEVARD DES ÎLES (TREHORNEC) 56000 VANNES,56260,"47.6528,-2.79",Immeuble,14m,Association,2025-10-31,False,False
3001014,FREE MOBILE,AAV,LTE 700,RTE GROUPE GARDETTES (LES GALÈGES) 24750 BOULAZAC ISLE MANOIRE,24053,"45.1158,0.8228",Pylône autostable,36m,TOTEM,2025-11-10,False,True
3002856,FREE MOBILE,ALL,LTE 900,59-61-63 RUE DE CHEVIGNÉ 51100 REIMS,51454,"49.2522,4.0481",Immeuble,29m,"Copropriété, Syndic, SCI",2025-10-31,False,False
3003170,FREE MOBILE,AJO,LTE 900,81 RUE DES BRUYÈRES 92310 SEVRES,92072,"48.8156,2.2153",Immeuble,15m,Société HLM,,False,False
3003484,FREE MOBILE,ALL,LTE 900,ZI DES ATELIERS CENTRAUX OL MANUFACTURING 62410 WINGLES,62895,"50.4928,2.865",Château d'eau - réservoir,32m,Société Privée,2025-10-31,False,False
3003674,FREE MOBILE,AJO,LTE 900,RUE DE GENÈVE TERMINAL 2 94390 PARAY VIEILLE POSTE,91479,"48.7272,2.36",Bâtiment,"20,6m",Société Privée,,False,False
3003986,FREE MOBILE,ALL,LTE 900,CHEMIN DES RONDES (LES PASTOURETTE) 30900 NIMES,30189,"43.8714,4.3592",Pylône arbre,19m,TOTEM,2025-10-31,False,False
3004381,FREE MOBILE,AAV,LTE 700,ROUTE D EYVIRAT (LES CHASSES) 24460 AGONAC,24002,"45.2997,0.75",Pylône autostable,"40,8m",ATC FRANCE,2025-11-10,False,True
3004381,FREE MOBILE,ALL,"UMTS 900, LTE 1800, LTE 2600",ROUTE D EYVIRAT (LES CHASSES) 24460 AGONAC,24002,"45.2997,0.75",Pylône autostable,"40,8m",ATC FRANCE,2025-10-31,False,True
3006085,FREE MOBILE,ALL,"LTE 2100, 5G NR 3500",76 RUE CHAMPOLLION 94400 VITRY SUR SEINE,94081,"48.8008,2.3853",Immeuble,"28,6m",Société HLM,2025-11-03,False,False
3006174,FREE MOBILE,ALL,"LTE 2100, 5G NR 3500",17 RUE EDOUARD HERRIOT 13540 AIX EN PROVENCE,13001,"43.5233,5.4272",Immeuble,"20,5m",Société HLM,2025-10-31,False,False
3006372,FREE MOBILE,AJO,LTE 900,70 RUE DE LA CROISÉE (LE TREBUCHET) 85000 MOUILLERON LE CAPTIF,85155,"46.725,-1.4272",Pylône autostable,36m,ATC FRANCE,,False,False
3006425,FREE MOBILE,ALL,"LTE 2100, 5G NR 3500",24 RUE ARAGO 25300 PONTARLIER,25462,"46.9144,6.3392",Pylône autostable,28m,ATC FRANCE,2025-11-03,False,False
3008528,FREE MOBILE,ALL,"LTE 2100, 5G NR 700",VOIE ANDRE SEYRAC (TAMBOURIN OUEST) 33490 LE PIAN SUR GARONNE,33323,"44.5692,-0.2264",Pylône tubulaire,26m,FREE-MOBILE,2025-10-31,False,False
3008996,FREE MOBILE,AAV,LTE 700,37 BOULEVARD DE STRASBOURG 94130 NOGENT SUR MARNE,94052,"48.8381,2.4775",Bâtiment,21m,Société Privée,2025-11-10,False,False
3008996,FREE MOBILE,ALL,LTE 2100,37 BOULEVARD DE STRASBOURG 94130 NOGENT SUR MARNE,94052,"48.8381,2.4775",Bâtiment,21m,Société Privée,2025-10-31,False,False
3009441,FREE MOBILE,ALL,UMTS 900,RUE DU CIMETIERE 84750 ST MARTIN DE CASTILLON,84112,"43.8611,5.5106",Pylône arbre,"16,7m",FREE-MOBILE,2025-10-31,True,False
3010198,FREE MOBILE,ALL,LTE 900,65 AVENUE STROH 59440 BAS LIEU,59050,"50.1311,3.9381",Pylône tubulaire,"26,5m",FREE-MOBILE,2025-10-31,False,False
3012423,FREE MOBILE,ALL,"LTE 2100, 5G NR 3500",8 AVENUE DE L'EUROPE 59280 ARMENTIERES,59017,"50.6908,2.8697",Pylône tubulaire,"25,4m",FREE-MOBILE,2025-11-03,False,False
3014055,FREE MOBILE,ALL,"LTE 2100, 5G NR 3500",391 RUE JEAN MARIE TJIBAOU 56600 LANESTER,56098,"47.7778,-3.3558",Pylône tubulaire,"31,5m",FREE-MOBILE,2025-10-31,False,False
3017809,FREE MOBILE,AAV,LTE 700,ANGLE R D'ALEMBERT/R DU 14 JUILLET 1789 (CHANTOISEAU) 03100 MONTLUCON,03185,"46.3353,2.6006",Pylône tubulaire,26m,TOTEM,2025-11-10,False,True
3017809,FREE MOBILE,ALL,"UMTS 900, LTE 1800, LTE 2600",ANGLE R D'ALEMBERT/R DU 14 JUILLET 1789 (CHANTOISEAU) 03100 MONTLUCON,03185,"46.3353,2.6006",Pylône tubulaire,26m,TOTEM,2025-10-31,False,True
3017817,FREE MOBILE,ALL,LTE 2100,100 AV DE L'EUROPE UNIE STATION D'EPURATION DE L'ILE DU DETROIT OUEST (SAINT-HUBERT) 07400 LE TEIL,07319,"44.5322,4.6922",Pylône autostable,34m,TOTEM,2025-11-03,False,False
3017920,FREE MOBILE,ALL,LTE 900,284 RUE DU 18 JUIN 1827 PROCHE A72 (LES GOUTTERONS) 42160 ANDREZIEUX BOUTHEON,42005,"45.5317,4.2839",Pylône autostable,"26,5m",FREE-MOBILE,2025-10-31,False,False
3019323,FREE MOBILE,ALL,5G NR 700,CHEMIN DE MAYE (MAYE) 40300 CAGNOTTE,40059,"43.5956,-1.0539",Pylône autostable,42m,FREE-MOBILE,2025-10-31,False,False
3020190,FREE MOBILE,ALL,LTE 2100,34 RUE DE VARSOVIE 93140 BONDY,93010,"48.8917,2.475",Bâtiment,"19,5m",Société HLM,2025-10-31,False,False
3020954,FREE MOBILE,AJO,LTE 900,L'AUVARDIERE PROCHE CENTRE COMMERCIAL E.LECLERC 85300 CHALLANS,85047,"46.8539,-1.8994",Pylône tubulaire,29m,TOTEM,,False,False
3020985,FREE MOBILE,ALL,5G NR 700,25 IMPASSE DU VARECHOU D 901 (LA BARRIERE DE ST LAURENT) 19240 ALLASSAC,19005,"45.2206,1.4278",Pylône autostable,32m,TOTEM,2025-10-31,False,False
3022999,FREE MOBILE,AAV,LTE 700,ROUTE DU CANAL (LA GRANGE D'AZON) 71340 IGUERANDE,71238,"46.2039,4.0683",Pylône autostable,"24,5m",FREE-MOBILE,2025-11-10,False,True
3022999,FREE MOBILE,ALL,"UMTS 900, LTE 1800",ROUTE DU CANAL (LA GRANGE D'AZON) 71340 IGUERANDE,71238,"46.2039,4.0683",Pylône autostable,"24,5m",FREE-MOBILE,2025-10-31,False,True
3024881,FREE MOBILE,AAV,LTE 700,60 AVENUE AMBROISE CROIZAT (LA COTE ROUGE) 03410 DOMERAT,03101,"46.3678,2.5761",Pylône autostable,32m,TOTEM,2025-11-10,False,True
3024881,FREE MOBILE,ALL,"UMTS 900, LTE 1800, LTE 2600",60 AVENUE AMBROISE CROIZAT (LA COTE ROUGE) 03410 DOMERAT,03101,"46.3678,2.5761",Pylône autostable,32m,TOTEM,2025-10-31,False,True
3025445,FREE MOBILE,AAV,LTE 700,CHEM D'EXPLOITATION (ERLEN) 67120 ERGERSHEIM,67127,"48.5653,7.5211",Pylône autostable,"42,8m",TOTEM,2025-11-10,False,False
3026467,FREE MOBILE,ALL,LTE 900,ROUTE DE MULSANNE (L ABORD) 72230 MONCE EN BELIN,72200,"47.9031,0.2169",Pylône autostable,32m,CELLNEX,2025-10-31,False,False
3027645,FREE MOBILE,ALL,"LTE 2100, 5G NR 3500",1 RUE CARNOT 54500 VANDOEUVRE LES NANCY,54547,"48.6589,6.1728",Immeuble,35m,Société HLM,2025-10-31,False,False
3028843,FREE MOBILE,AAV,LTE 700,1 RESIDENCE TERRASSES DE CARDO (SAN GAETANO) 20600 BASTIA,2B033,"42.6944,9.4386",Immeuble,"19,6m",Société HLM,2025-11-10,False,False
3028843,FREE MOBILE,ALL,"LTE 2100, 5G NR 3500",1 RESIDENCE TERRASSES DE CARDO (SAN GAETANO) 20600 BASTIA,2B033,"42.6944,9.4386",Immeuble,"19,6m",Société HLM,2025-10-31,False,False
3029302,FREE MOBILE,ALL,"LTE 2100, 5G NR 3500",63 RUE DE CHASSAGNE 69360 TERNAY,69297,"45.5939,4.8056",Pylône autostable,"26,5m",FREE-MOBILE,2025-11-03,False,False
3029314,FREE MOBILE,AJO,LTE 900,11 RUE DES AMARYLLIS 91270 VIGNEUX SUR SEINE,91657,"48.7,2.4417",Immeuble,28m,Société HLM,,False,False
3030604,FREE MOBILE,ALL,LTE 900,31A FAUBOURG D'EPINAL STADE MUNICIPAL 88200 REMIREMONT,88383,"48.0242,6.5844",Pylône tubulaire,25m,TOTEM,2025-10-31,False,False
3032001,FREE MOBILE,AAV,LTE 700,4 LES CORBIERES 35170 BRUZ,35047,"48.0342,-1.7594",Pylône tubulaire,24m,FREE-MOBILE,2025-11-10,False,False
3032007,FREE MOBILE,ALL,"LTE 900, LTE 2100, 5G NR 700",PROCHE RUE DU VAU (EN NAURU) 54460 AINGERAY,54007,"48.7358,6.0019",Pylône autostable,"36,3m",FREE-MOBILE,2025-10-31,False,False
3032015,FREE MOBILE,ALL,LTE 900,34 RUE DES BERGERS 75015 PARIS 15,75115,"48.8436,2.2814",Immeuble,"24,7m","Copropriété, Syndic, SCI",2025-10-31,False,False
3033607,FREE MOBILE,AJO,LTE 900,2 AVENUE DU PRÉSIDENT ROOSEVELT 50230 AGON COUTAINVILLE,50003,"49.0492,-1.5958",Pylône tubulaire,"29,8m",FREE-MOBILE,,False,False
3034999,FREE MOBILE,ALL,5G NR 700,PROCHE CHEMIN DE FOUGEROLLES (FOUGEROLLES) 42440 NOIRETABLE,42159,"45.8417,3.7533",Pylône autostable,24m,FREE-MOBILE,2025-10-31,False,False
3036491,FREE MOBILE,AAV,LTE 700,32 RUE DE LONDRES 62100 CALAIS,62193,"50.9603,1.8561",Bâtiment,21m,"Copropriété, Syndic, SCI",2025-11-10,False,True
3036491,FREE MOBILE,ALL,"UMTS 900, LTE 1800, LTE 2600",32 RUE DE LONDRES 62100 CALAIS,62193,"50.9603,1.8561",Bâtiment,21m,"Copropriété, Syndic, SCI",2025-10-31,False,True
3037450,FREE MOBILE,AJO,LTE 900,93 CHEMIN DE COURRENS (LES TOURELS) 13220 CHATEAUNEUF LES MARTIGUES,13026,"43.3914,5.1711",Pylône autostable,21m,TOTEM,,False,False
3037461,FREE MOBILE,ALL,"LTE 2100, 5G NR 3500",VELODROME DU MOULIN NEUF N12 (MOULIN NEUF) 29490 GUIPAVAS,29075,"48.4456,-4.3986",Pylône tubulaire,37m,CELLNEX,2025-10-31,False,False
3038128,FREE MOBILE,ALL,5G NR 700,N104 (BAS SERRIERES) 35230 ORGERES,35208,"48.0072,-1.6514",Pylône autostable,33m,TOTEM,2025-10-31,False,False
3038561,FREE MOBILE,ALL,"5G NR 700, 5G NR 3500",11 RUE DE FROIDE FONTAINE (LA CHAUSSEE) 77840 CROUY SUR OURCQ,77148,"49.1094,3.0922",Pylône autostable,36m,TOTEM,2025-10-31,False,False
3038565,FREE MOBILE,ALL,LTE 900,19 RUE DE LA CROIX DE MISSION 77640 JOUARRE,77238,"48.9267,3.1225",Pylône tubulaire,30m,ATC FRANCE,2025-10-31,False,False
3038616,FREE MOBILE,ALL,LTE 900,18 RUE DES PASSEREAUX (LES AUBES) 34090 MONTPELLIER,34172,"43.6178,3.8928",Bâtiment,"21,5m",Société HLM,2025-10-31,False,False
3038628,FREE MOBILE,ALL,"LTE 2100, 5G NR 3500",148 RUE DU MARECHAL LECLERC 94410 ST MAURICE,94069,"48.8175,2.4461",Bâtiment,"39,5m",Société Privée,2025-11-03,False,False
3039100,FREE MOBILE,AJO,LTE 900,CHEMIN RURAL MONTACLIER MONTACLIER (MONTACLIER) 63410 CHARBONNIERES LES VARENNES,63092,"45.905,3.03",Pylône autostable,24m,TOTEM,,False,False
3039710,FREE MOBILE,ALL,LTE 900,435 ALLÉE DE L'EUROPE 88100 STE MARGUERITE,88424,"48.2694,6.9714",Pylône autostable,31m,TOTEM,2025-10-31,False,False
3039855,FREE MOBILE,ALL,LTE 900,BELS CERS 34410 SAUVIAN,34298,"43.2781,3.2636",Pylône autostable,30m,FREE-MOBILE,2025-10-31,False,False
3039859,FREE MOBILE,ALL,LTE 900,15 RUE MARC SEGUIN 42400 ST CHAMOND,42207,"45.4744,4.5186",Immeuble,24m,Société HLM,2025-10-31,False,False
3040212,FREE MOBILE,AJO,LTE 900,125 RTE DE PAU VIB'S - ZONE COMMERCIALE INTERMARCHE (PRADOUIL) 64300 ORTHEZ,64430,"43.4808,-0.7478",Pylône tubulaire,24m,FREE-MOBILE,,False,False
3041355,FREE MOBILE,ALL,LTE 900,CHEMIN DES CHAMPS (LES CHAMPS) 63300 THIERS,63430,"45.8658,3.5425",Pylône autostable,"24,3m",FREE-MOBILE,2025-10-31,False,False
3043118,FREE MOBILE,ALL,LTE 900,61 BOULEVARD BEETHOVEN (LES GARENNES) 78280 GUYANCOURT,78297,"48.7744,2.0497",Immeuble,"19,3m",Société HLM,2025-10-31,False,False
3044403,FREE MOBILE,AJO,LTE 900,12 RUE DE L ASPIRANT JEAN REY (LES MONTEIL) 33600 PESSAC,33318,"44.8039,-0.6564",Immeuble,"12,1m",Société HLM,,False,False
3044413,FREE MOBILE,AAV,LTE 700,19 RUE CLÉMENT BAYARD 92300 LEVALLOIS PERRET,92044,"48.8983,2.2831",Immeuble,"28,6m",Société HLM,2025-11-10,False,True
3049254,FREE MOBILE,ALL,LTE 900,17 AVENUE DE L'ILE BRUNE 38120 ST EGREVE,38382,"45.2192,5.6775",Pylône autostable,18m,FREE-MOBILE,2025-10-31,False,False
3050034,FREE MOBILE,AJO,LTE 900,CHEMON DE TRABLE (TRABLE) 38090 ROCHE,38339,"45.5997,5.1661",Pylône autostable,"37,5m",FREE-MOBILE,,False,False
3050042,FREE MOBILE,ALL,LTE 900,RUE LOUIS PERGAUD CITRAM 16000 ANGOULEME,16015,"45.6406,0.1306",Pylône tubulaire,24m,TOTEM,2025-10-31,False,False
3051621,FREE MOBILE,ALL,LTE 900,49-51-53 RUE DE LA GRANGE AUX BELLES 75010 PARIS 10,75110,"48.8764,2.3683",Bâtiment,28m,Société HLM,2025-10-31,False,False
3053609,FREE MOBILE,ALL,LTE 900,1 ALLÉE DE LA MÉNÈRE 25770 SERRE LES SAPINS,25542,"47.2392,5.9389",Pylône autostable,"30,4m",FREE-MOBILE,2025-10-31,False,False
3053613,FREE MOBILE,ALL,"LTE 2100, 5G NR 3500",137 RUE MARCEAU (FOURCHEROLLES) 91120 PALAISEAU,91477,"48.7047,2.2233",Bâtiment,"16,2m",Société HLM,2025-11-03,False,False
3054200,FREE MOBILE,ALL,"LTE 2100, 5G NR 3500",36 QUAI DES ALLOBROGES RÉSIDENCE L'ARCLUSAZ (LES ADOUBES) 73200 ALBERTVILLE,73011,"45.6772,6.3933",Immeuble,"23,7m","Copropriété, Syndic, SCI",2025-11-03,False,False
3054206,FREE MOBILE,AJO,LTE 900,RUE DE MADRID (LES CONTOURS) 89470 MONETEAU,89263,"47.8517,3.5564",Pylône autostable,"31,6m",FREE-MOBILE,,False,False
3054689,FREE MOBILE,ALL,"LTE 2100, 5G NR 3500",CHEMIN DE L'ARBRE BLANC ZAE MICROPOLE 11590 CUXAC D AUDE,11116,"43.2519,2.995",Pylône autostable,"19,5m",FREE-MOBILE,2025-10-31,False,False
3055453,FREE MOBILE,AAV,LTE 700,107 ROUTE DE CHAMPANARD (CHAMPANARD) 69220 BELLEVILLE EN BEAUJOLAIS,69019,"46.1222,4.7278",Pylône autostable,14m,FREE-MOBILE,2025-11-10,False,False
3055461,FREE MOBILE,ALL,"LTE 2100, 5G NR 3500",239/241 RUE PIERRE MENDES FRANCE (QUARTIER DE L AVRE) 78370 PLAISIR,78490,"48.8261,1.9617",Immeuble,"14,8m",Société HLM,2025-10-31,False,False
3055471,FREE MOBILE,ALL,LTE 900,39 RUE GABRIELLE JOSSERAND CITÉ DIDEROT 93500 PANTIN,93055,"48.9058,2.3969",Immeuble,"49,6m",Société HLM,2025-10-31,False,False
3055473,FREE MOBILE,ALL,"LTE 2100, 5G NR 3500",98 AVENUE JEAN JAURES 93320 LES PAVILLONS SOUS BOIS,93057,"48.9047,2.5028",Bâtiment,"19,4m",Société HLM,2025-11-03,False,False
3055856,FREE MOBILE,ALL,5G NR 700,CHEMIN DES FOURCHETTES STADE BERNARD DE BUOR (LES FOURCHETTES) 85260 LA COPECHAGNIERE,85072,"46.8533,-1.3511",Pylône autostable,30m,TOTEM,2025-10-31,False,False
3058085,FREE MOBILE,ALL,LTE 900,2 RUE EDMOND MICHELET 93250 VILLEMOMBLE,93077,"48.8839,2.5081",Immeuble,"31,2m",Société HLM,2025-10-31,False,False
3058393,FREE MOBILE,AJO,LTE 900,46 RTE SOUS LES VIGNES PROCHE A89 (LA SUCHADE) 63430 LES MARTRES D ARTIERE,63213,"45.8286,3.2542",Pylône autostable,"25,3m",TOTEM,,False,True
3058690,FREE MOBILE,ALL,"LTE 900, LTE 2100, 5G NR 3500",10 ROUTE DE SAULT DE NAVAILLES (AOUGASSATS) 64230 LESCAR,64335,"43.3422,-0.4339",Pylône autostable,"35,5m",ATC FRANCE,2025-10-31,False,False
3058710,FREE MOBILE,ALL,LTE 900,7 RUE MARECHAL DE LATTRE DE TASSIGNY 35600 REDON,35236,"47.6606,-2.0733",Immeuble,"25,6m","Copropriété, Syndic, SCI",2025-10-31,False,False
3058733,FREE MOBILE,ALL,LTE 900,21 RUE DENIS DIDEROT 45800 ST JEAN DE BRAYE,45284,"47.9086,1.9817",Bâtiment,25m,Société Privée,2025-10-31,False,False
3060507,FREE MOBILE,AAV,LTE 700,ROC DE NANTY (LA CAVE) 24540 ST ROMAIN DE MONPAZIER,24495,"44.7189,0.875",Pylône autostable,42m,FREE-MOBILE,2025-11-10,True,True
3063478,FREE MOBILE,ALL,LTE 900,10 AVENUE DU MONT-SAINT-MICHEL (LA MADELEINE) 73000 BARBERAZ,73029,"45.5653,5.9508",Pylône autostable,"31,5m",FREE-MOBILE,2025-10-31,False,False
3063492,FREE MOBILE,AJO,LTE 900,56 RUE IRÈNE ET FRÉDÉRIC JOLIOT CURIE (LA NOUE) 93100 MONTREUIL,93048,"48.8683,2.4306",Immeuble,"37,5m",Société HLM,,False,False
3065373,FREE MOBILE,ALL,LTE 900,30 PLACE DES GEANTS 38100 GRENOBLE,38185,"45.1622,5.7381",Bâtiment,"29,2m","Copropriété, Syndic, SCI",2025-10-31,False,False
3067312,FREE MOBILE,ALL,LTE 900,46 B RUE DE CHAMPAGNE 42230 ST ETIENNE,42218,"45.4169,4.3981",Immeuble,"36,4m",Société HLM,2025-10-31,False,False
3076010,FREE MOBILE,ALL,LTE 900,126 RUE ROBERT SCHUMAN HÔTEL MERCURE 60610 LACROIX ST OUEN,60338,"49.38,2.7847",Bâtiment,20m,Société Privée,2025-10-31,False,False
3076324,FREE MOBILE,ALL,LTE 900,CHEMIN RURAL N°35 SENTIER DES LONGUES PIECES (LES LONGUES PIÈCES) 95260 BEAUMONT SUR OISE,95052,"49.1419,2.3064",Pylône arbre,31m,TOTEM,2025-10-31,False,False
3080544,FREE MOBILE,ALL,LTE 900,14BIS VALLON D'OLIMA (BOIS LE DUC) 88000 CHANTRAINE,88087,"48.1747,6.42",Pylône autostable,"37,9m",FREE-MOBILE,2025-10-31,False,False
3082903,FREE MOBILE,ALL,LTE 900,8 AVENUE VICTOR SHOELCHER 78570 ANDRESY,78015,"48.9839,2.0522",Pylône autostable,20m,CELLNEX,2025-10-31,False,False
3094786,FREE MOBILE,AAV,LTE 700,ROUTE DE RENAULT (LES GARENNES SUD) 78410 FLINS SUR SEINE,78238,"48.9728,1.8633",Pylône tubulaire,42m,ATC FRANCE,2025-11-10,False,False
3094786,FREE MOBILE,ALL,"LTE 2100, 5G NR 3500",ROUTE DE RENAULT (LES GARENNES SUD) 78410 FLINS SUR SEINE,78238,"48.9728,1.8633",Pylône tubulaire,42m,ATC FRANCE,2025-10-31,False,False
3098874,FREE MOBILE,AAV,LTE 700,123 ROUTE DES CHÊNES (BOIS DU MAINE SUD) 69210 SAVIGNY,69175,"45.8203,4.5875",Pylône autostable,42m,CELLNEX,2025-11-10,False,True
3100705,FREE MOBILE,ALL,5G NR 700,LANDIER DES DROUETS 35380 MAXENT,35169,"47.9731,-2.0228",Pylône autostable,"36,5m",HIVORY,2025-10-31,False,False
3101256,FREE MOBILE,ALL,"LTE 2100, 5G NR 3500",8 / 10 AVENUE MARCELLIN BERTHELOT 38200 VIENNE,38544,"45.5392,4.8708",Bâtiment,"28,3m","Copropriété, Syndic, SCI",2025-11-03,False,False
3107436,FREE MOBILE,AAV,LTE 700,ROUTE DE CHAROLLES (LES BACHERES) 71220 BEAUBERY,71025,"46.4039,4.3822",Pylône autostable,"36,3m",FREE-MOBILE,2025-11-10,True,True
3109103,FREE MOBILE,AJO,LTE 900,35 BIS CHEMIN DE L'ARCHET 69530 BRIGNAIS,69027,"45.6753,4.7344",Pylône autostable,"24,3m",CELLNEX,,False,True
3110873,FREE MOBILE,AJO,LTE 900,17BIS RUE DIDEROT 95110 SANNOIS,95582,"48.9758,2.2636",Bâtiment,"18,2m",Société HLM,,False,False
3111481,FREE MOBILE,ALL,LTE 900,9 ESPLANADE DE L'EUROPE 64600 ANGLET,64024,"43.4728,-1.5336",Pylône tubulaire,"30,6m",CELLNEX,2025-10-31,False,False
3114252,FREE MOBILE,ALL,LTE 2100,2 AVENUE DES COULOMBIERS USINE TEXTILE 59780 BAISIEUX,59044,"50.6083,3.2564",Bâtiment,"26,7m",Société Privée,2025-11-03,False,False
3119111,FREE MOBILE,AAV,LTE 700,AVENUE DE LA PLAGE CHEMIN DE QUERELLE CENTRALE TÉLÉPHONIQUE 34410 SERIGNAN,34299,"43.2761,3.2844",Pylône tubulaire,30m,TOTEM,2025-11-10,False,True
3122779,FREE MOBILE,AJO,LTE 900,1 RUE DES CITES 69360 TERNAY,69297,"45.5953,4.7947",Immeuble,"19,9m",Société HLM,,False,True
3134208,FREE MOBILE,ALL,LTE 900,1-5 RUE DU LIEUTENANT-COLONEL DAX 75018 PARIS 18,75118,"48.9,2.3397",Immeuble,"35,6m","Copropriété, Syndic, SCI",2025-10-31,False,False
3137633,FREE MOBILE,AAV,LTE 700,CHEMIN DU PORT 77240 SEINE PORT,77447,"48.5608,2.5606",Pylône autostable,36m,CELLNEX,2025-11-10,False,True
3137633,FREE MOBILE,ALL,"UMTS 900, LTE 1800, LTE 2600",CHEMIN DU PORT 77240 SEINE PORT,77447,"48.5608,2.5606",Pylône autostable,36m,CELLNEX,2025-10-31,False,True
3174409,FREE MOBILE,ALL,"LTE 2100, 5G NR 3500",6 RUE JEAN MOULIN 56500 LOCMINE,56117,"47.8803,-2.8306",Pylône autostable,"37,6m",TDF,2025-10-31,False,False
3178047,FREE MOBILE,AJO,LTE 900,7 AVENUE POZZO DI BORGO 92210 ST CLOUD,92064,"48.8442,2.2167","Ouvrage d'art (pont, viaduc)",10m,SNCF Réseau,,False,False
3189353,FREE MOBILE,AJO,"LTE 700, LTE 900, LTE 1800, LTE 2100, LTE 2600, 5G NR 700, 5G NR 3500",60 COURS FRANKLIN ROOSEVELT 13005 MARSEILLE 05,13205,"43.2989,5.3889",Immeuble,"22,5m","Copropriété, Syndic, SCI",,False,True
3189389,FREE MOBILE,AJO,"LTE 700, LTE 900, LTE 1800, LTE 2100, LTE 2600, 5G NR 700, 5G NR 3500",34 BIS RUE DE FONTENELLE 78160 MARLY LE ROI,78372,"48.8722,2.0961",Immeuble,14m,"Copropriété, Syndic, SCI",,False,True
3190766,FREE MOBILE,AJO,"LTE 700, LTE 900, LTE 1800, LTE 2100, LTE 2600, 5G NR 700, 5G NR 3500",29BIS RUE SAINT-DIDIER 75116 PARIS 16,75116,"48.8664,2.2856",Immeuble,"29,4m",Société Privée,,False,True
3190770,FREE MOBILE,AJO,"LTE 700, LTE 900, LTE 1800, LTE 2100, LTE 2600, 5G NR 700, 5G NR 3500",2 RUE DE VERSAILLES 92430 MARNES LA COQUETTE,92047,"48.8297,2.1742",Immeuble,"16,3m",Société HLM,,False,True
3192328,FREE MOBILE,AJO,"LTE 700, LTE 900, LTE 1800, LTE 2100, LTE 2600, 5G NR 700, 5G NR 3500",2211 CHEMIN DE L'ESCOURS 06480 LA COLLE SUR LOUP,06044,"43.6697,7.11",Pylône arbre,16m,FREE-MOBILE,,False,True
3192330,FREE MOBILE,AJO,"LTE 700, LTE 900, LTE 1800, LTE 2100, LTE 2600, 5G NR 700, 5G NR 3500",ROUTE DU PONT D'HOSTENS 33640 AYGUEMORTE LES GRAVES,33023,"44.7047,-0.4728",Pylône autostable,"42,3m",FREE-MOBILE,,False,True
3192484,FREE MOBILE,AJO,"LTE 700, LTE 900, LTE 1800, LTE 2100, LTE 2600, 5G NR 700, 5G NR 3500",ROUTE DE BAR LE DUC 52100 BETTANCOURT LA FERREE,52045,"48.6494,4.9569",Pylône tubulaire,"31,5m",TOTEM,,False,True
3193324,FREE MOBILE,AJO,"LTE 700, LTE 900, LTE 1800, LTE 2100, LTE 2600, 5G NR 700, 5G NR 3500",210 RUE NÉCOTIN 45100 ORLEANS,45234,"47.9306,1.9381",Pylône tubulaire,"11,6m",FREE-MOBILE,,False,True
3193326,FREE MOBILE,AJO,"LTE 700, LTE 900, LTE 1800, LTE 2100, LTE 2600, 5G NR 700, 5G NR 3500",1 RUE MARÉCHAL LECLERC (LES TROIS PONTS) 63100 CLERMONT FERRAND,63113,"45.7831,3.0864",Immeuble,"19,6m","Copropriété, Syndic, SCI",,False,True
3193792,FREE MOBILE,AJO,"LTE 700, LTE 900, LTE 1800, LTE 2100, LTE 2600, 5G NR 700, 5G NR 3500",16 AVENUE D'ANDROMÈDE 31700 BLAGNAC,31069,"43.6553,1.3697",Immeuble,"23,4m","Copropriété, Syndic, SCI",,False,True
3193794,FREE MOBILE,AJO,"LTE 700, LTE 900, LTE 1800, LTE 2100, LTE 2600, 5G NR 700, 5G NR 3500",12 ALLÉE EUROMÉDOC (LA CORNETTE) 33160 ST AUBIN DE MEDOC,33376,"44.9075,-0.7286",Pylône tubulaire,31m,FREE-MOBILE,,False,True
3193796,FREE MOBILE,AJO,"LTE 700, LTE 900, LTE 1800, LTE 2100, LTE 2600, 5G NR 700, 5G NR 3500",62 RUE DES STATIONS RÉSIDENCE E.MANET 59800 LILLE,59350,"50.63,3.0497",Bâtiment,"25,5m","Copropriété, Syndic, SCI",,False,True
3193802,FREE MOBILE,AJO,"LTE 700, LTE 900, LTE 1800, LTE 2100, LTE 2600, 5G NR 700, 5G NR 3500","26, AV BERNADETTE SOUBIROUS 65100 LOURDES",65286,"43.0961,-0.0533",Immeuble,"33,4m",Société Privée,,False,True
3193804,FREE MOBILE,AJO,"UMTS 900, LTE 700",PROCHE CHEMIN DU PETIT COLLET (LES RODESSES) 73530 ST JEAN D ARVES,73242,"45.2131,6.2719",Pylône autostable,"30,4m",FREE-MOBILE,,True,True
3193808,FREE MOBILE,AJO,"LTE 700, LTE 900, LTE 1800, LTE 2100, LTE 2600, 5G NR 700, 5G NR 3500",55 RUE MICHELET / 115 RUE DE LA CONCORDE 94700 MAISONS ALFORT,94046,"48.8119,2.4542",Bâtiment,"17,5m",Société Privée,,False,True
3194535,FREE MOBILE,AJO,"LTE 700, LTE 900, LTE 1800, LTE 2100, LTE 2600, 5G NR 700, 5G NR 3500",32  CHEMIN DES CAMPELIERES 06110 LE CANNET,06030,"43.5792,7.0028",Immeuble,"15,6m","Copropriété, Syndic, SCI",,False,True
3194537,FREE MOBILE,AJO,"LTE 700, LTE 900, LTE 1800, 5G NR 700",D14 (LE PROCUREUR) 54800 JEANDELIZE,54277,"49.1792,5.7889",Pylône autostable,"48,4m",FREE-MOBILE,,False,True
3194539,FREE MOBILE,AJO,"LTE 700, LTE 900, LTE 1800, 5G NR 700",LE RAVEL (LE DESSUS DE LA COTE) 88240 LA VOGE LES BAINS,88029,"47.9875,6.2614",Pylône autostable,42m,TDF,,False,True
3202070,FREE MOBILE,AJO,"LTE 700, LTE 900, LTE 1800, LTE 2100, LTE 2600, 5G NR 700, 5G NR 3500",36-34 PLACE GEORGES LYSSANDRE 93140 BONDY,93010,"48.9,2.49",Bâtiment,"35,5m",Société HLM,,False,True
3216305,FREE MOBILE,AJO,LTE 900,RUE DU 19 MARS IMM LA SAFOURNIÈRE 63500 ISSOIRE,63178,"45.5383,3.2458",Immeuble,20m,Société HLM,,False,True
3216305,FREE MOBILE,ALL,"UMTS 900, LTE 700, LTE 1800, LTE 2100, LTE 2600, 5G NR 700",RUE DU 19 MARS IMM LA SAFOURNIÈRE 63500 ISSOIRE,63178,"45.5383,3.2458",Immeuble,20m,Société HLM,2020-12-15,False,True
3217005,FREE MOBILE,AJO,LTE 900,CHEMIN LEHBACH (GEISSENFELD) 57330 ZOUFFTGEN,57764,"49.4503,6.1381",Pylône tubulaire,37m,TDF,,False,True
3217005,FREE MOBILE,ALL,"UMTS 900, LTE 700, LTE 1800, LTE 2100, LTE 2600, 5G NR 700",CHEMIN LEHBACH (GEISSENFELD) 57330 ZOUFFTGEN,57764,"49.4503,6.1381",Pylône tubulaire,37m,TDF,2021-02-24,False,True
435882,FREE MOBILE,ALL,LTE 900,R DE WITTELSHEIM CENTRAL TÉLÉPHONIQUE 68700 CERNAY,68063,"47.8028,7.1772",Pylône autostable,39m,TOTEM,2025-10-31,False,False
436711,FREE MOBILE,ALL,LTE 900,CHEM RURAL (ALZITONE) 20270 AGHIONE,2B002,"42.065,9.4256",Pylône autostable,45m,TDF,2025-10-31,False,False
437018,FREE MOBILE,ALL,LTE 900,CHEMIN DES QUILLES STADE MUNICIPAL JOLIOT CURIE (LE LARARET) 34200 SETE,34301,"43.3942,3.6667",Pylône autostable,33m,BOUYGUES,2025-10-31,False,False
439160,FREE MOBILE,AJO,5G NR 3500, (LACHAT) 74340 SAMOENS,74258,"46.0925,6.7228",Pylône autostable,25m,TDF,,False,False
441622,FREE MOBILE,ALL,LTE 900,R DU REMPART CENTRAL TÉLÉPHONIQUE 68500 GUEBWILLER,68112,"47.9086,7.2092",Bâtiment,28m,ORANGE Services Fixes,2025-10-31,False,False
442799,FREE MOBILE,ALL,LTE 900,RTE DE GRUSON (LA MUQUE) 59830 CYSOING,59168,"50.575,3.2139",Pylône autostable,37m,BOUYGUES,2025-10-31,False,False
444312,FREE MOBILE,ALL,5G NR 3500,ECHANGEUR AGDE - BESSAN A.9 - PK 148.4 PYL ASF 34550 BESSAN,34031,"43.3753,3.4175",Pylône autostable,40m,Sociétés d'Autoroutes,2025-10-31,False,False
445791,FREE MOBILE,AJO,LTE 900,5 BD DE L'INDUSTRIE ZI 49000 ECOUFLANT,49129,"47.5022,-0.5172",Pylône autostable,"45,4m",SFR,,False,False
445791,FREE MOBILE,ALL,LTE 2600,5 BD DE L'INDUSTRIE ZI 49000 ECOUFLANT,49129,"47.5022,-0.5172",Pylône autostable,"45,4m",SFR,2025-11-03,False,False
448202,FREE MOBILE,ALL,LTE 900,3 R VERTE BOIS DE MOLLE 60790 LA DRENNE,60196,"49.3219,2.095",Pylône autostable,"59,5m",TDF,2025-10-31,False,False
450586,FREE MOBILE,ALL,LTE 900, (BLAGNAC) 33670 SADIRAC,33363,"44.7925,-0.4081",Pylône autostable,45m,TDF,2025-10-31,False,False
456398,TELCO OI,ALL,"LTE 2100, LTE 2600",VINCENDO (GIROFLE) 97480 ST JOSEPH,97412,"-21.37,55.6981",Pylône autostable,35m,TDF,2025-07-15,False,False
457656,FREE MOBILE,AJO,5G NR 3500,"HOTEL SHERATON TERMINAUX C, D, G2 93290 TREMBLAY EN FRANCE",93073,"49.0039,2.5708",Bâtiment,"29,9m",Société Privée,,False,False
459228,FREE MOBILE,AAV,LTE 700,17 PL NAPOLÉON III 29200 BREST,29019,"48.4047,-4.5072",Immeuble,"62,8m","Copropriété, Syndic, SCI",2025-11-10,False,True
459228,FREE MOBILE,ALL,"UMTS 900, LTE 1800, LTE 2600",17 PL NAPOLÉON III 29200 BREST,29019,"48.4047,-4.5072",Immeuble,"62,8m","Copropriété, Syndic, SCI",2025-10-31,False,True
459469,FREE MOBILE,AJO,LTE 900,TRÈS COMBE RN 436 39310 LAJOUX,39274,"46.3694,5.9858",Pylône autostable,44m,TOTEM,,False,False
460528,FREE MOBILE,ALL,LTE 900,5  ZONE ARTISANALE (RIBOUTET) 33670 CREON,33140,"44.7694,-0.3361",Pylône autostable,38m,TDF,2025-10-31,False,False
461776,FREE MOBILE,ALL,LTE 900,CHEM DU COL DE VERRA (PUNTA DI VARRA) 20137 PORTO VECCHIO,2A247,"41.5986,9.3172",Pylône autostable,"45,2m",TDF,2025-10-31,False,False
461865,FREE MOBILE,ALL,LTE 900,RTE DE CHEVRY - RD 216 LA FERME DE LA BORDE (LA BORDE) 77170 BRIE COMTE ROBERT,77053,"48.7075,2.6253",Pylône autostable,39m,TDF,2025-10-31,False,False
473039,FREE MOBILE,ALL,LTE 900,CTRE D'ÉMISSION TDF SITE ARCHÉO (MONSARD) 71960 BUSSIERES,71069,"46.3428,4.7083",Pylône autostable,45m,TDF,2025-10-31,False,False
474764,FREE MOBILE,ALL,5G NR 3500, (LA COTE DE MONT) 88210 LE MONT,88306,"48.4172,7.025",Pylône autostable,"44,6m",TDF,2025-11-03,False,False
475223,FREE MOBILE,AJO,LTE 900,1 AVENUE DE RIVESALTES RESERVOIR DU BELVEDERE (PLACE DU CHATEAU D'EAU) 66240 ST ESTEVE,66172,"42.7125,2.8433",Château d'eau - réservoir,20m,"Commune, communauté de communes",,False,False
476325,FREE MOBILE,AJO,LTE 900,RTE DU SILO (LE MOULIN) 51150 JUVIGNY,51312,"49.0225,4.2703",Pylône autostable,35m,HIVORY,,False,True
480664,FREE MOBILE,ALL,LTE 900,CHEM RURAL NO 22 (BOIS DE VESSERY) 78460 CHEVREUSE,78160,"48.6986,2.0556",Pylône autostable,43m,TDF,2025-10-31,False,False
486813,FREE MOBILE,ALL,LTE 900,114 AV VICTOR HUGO CHATEAU D'EAU 66270 LE SOLER,66195,"42.6808,2.78",Château d'eau - réservoir,"26,4m","Commune, communauté de communes",2025-10-31,False,False
487747,TELCO OI,ALL,"LTE 2100, LTE 2600",CHEM DU PHARE (POINTE DES GALETS) 97420 LE PORT,97407,"-20.9264,55.2861",Pylône autostable,60m,TDF,2025-07-21,False,False
498423,FREE MOBILE,ALL,LTE 900,PL DE L'EGLISE 65100 LOURDES,65286,"43.0964,-0.0447",Monument religieux,57m,"Commune, communauté de communes",2025-10-31,False,False
500158,FREE MOBILE,AJO,LTE 900,ALLEE DU CAPITAINE FREDDY 77310 ST FARGEAU PONTHIERRY,77407,"48.5711,2.5333",Pylône autostable,30m,CELLNEX,,False,False
502232,FREE MOBILE,AJO,"LTE 700, LTE 900, LTE 1800, LTE 2100, LTE 2600, 5G NR 700, 5G NR 3500",R LOUIS BOREL 60000 BEAUVAIS,60057,"49.4411,2.0881",Château d'eau - réservoir,"58,1m","Commune, communauté de communes",,False,True
506668,TELCO OI,ALL,"LTE 2100, LTE 2600, 5G NR 700, 5G NR 3500",R SALINS AUTOCOMMUTATEUR 97460 ST PAUL,97415,"-21.0081,55.2767",Pylône autostable,45m,ORANGE Services Fixes,2025-06-19,False,False
531450,FREE MOBILE,AJO,LTE 900,RTE DE COUPEAUVILLE - D.31A (LE PETIT COUPEAUVILLE) 76133 EPOUVILLE,76238,"49.5592,0.2297",Pylône tubulaire,"38,5m",HIVORY,,False,False
532763,FREE MOBILE,AAV,LTE 700,31B R PAUL DOUMER RÉSIDENCE LES RÉGATES 78510 TRIEL SUR SEINE,78624,"48.9739,2.0061",Immeuble,21m,Société HLM,2025-11-10,False,True
532763,FREE MOBILE,ALL,"UMTS 900, LTE 1800, LTE 2600",31B R PAUL DOUMER RÉSIDENCE LES RÉGATES 78510 TRIEL SUR SEINE,78624,"48.9739,2.0061",Immeuble,21m,Société HLM,2025-10-31,False,True
534674,FREE MOBILE,ALL,LTE 900,30 À 38 SQ DES CAPUCINS (LES CAPUCINS) 49100 ANGERS,49007,"47.4883,-0.5561",Immeuble,22m,Société HLM,2025-10-31,False,False
536054,FREE MOBILE,ALL,5G NR 3500,10 R CLAUDE DEBUSSY 91080 EVRY COURCOURONNES,91228,"48.6294,2.4503",Immeuble,"34,4m","Copropriété, Syndic, SCI",2025-10-31,False,False
538000,FREE MOBILE,ALL,LTE 900,PYLONE TDF (COL DE SALVI) 20225 LAVATOGGIO,2B138,"42.5681,8.8678",Pylône autostable,47m,TDF,2025-10-31,False,False
539145,FREE MOBILE,ALL,LTE 900,2-3 ALLÉE DES  PAQUERETTES 78990 ELANCOURT,78208,"48.7694,1.9544",Immeuble,32m,Société HLM,2025-10-31,False,False
541311,FREE MOBILE,ALL,"LTE 2100, 5G NR 3500",38/40 AV DE LA RÉPUBLIQUE 92210 ST CLOUD,92064,"48.8439,2.2094",Immeuble,36m,Société HLM,2025-10-31,False,False
541424,FREE MOBILE,ALL,LTE 900,R DE LA NOUE BIDET (LE PETIT FOUR) 41220 ST LAURENT NOUAN,41220,"47.7111,1.6039",Pylône autostable,44m,TDF,2025-10-31,False,False
545761,FREE MOBILE,ALL,LTE 900,RN.10 CHÂTEAU D'EAU 1 (LES QUATRES PAVÉS DU ROY) 78180 MONTIGNY LE BRETONNEUX,78423,"48.7817,2.0292",Château d'eau - réservoir,"72,5m",Société Privée,2025-10-31,False,False
554449,FREE MOBILE,ALL,LTE 900,R DU DR PAUL FABRE RES. MAGE 03600 COMMENTRY,03082,"46.2936,2.7447",Immeuble,"23,5m",Société HLM,2025-10-31,False,False
554552,FREE MOBILE,AAV,LTE 700,8 DOMAINE DES SEPT ILES RTE DU 19 MARS 1962 93220 GAGNY,93032,"48.8978,2.5444",Immeuble,19m,Société HLM,2025-11-10,False,True
554552,FREE MOBILE,ALL,"UMTS 900, LTE 1800, LTE 2600",8 DOMAINE DES SEPT ILES RTE DU 19 MARS 1962 93220 GAGNY,93032,"48.8978,2.5444",Immeuble,19m,Société HLM,2025-10-31,False,True
558428,FREE MOBILE,ALL,LTE 900,CAP BENAT PYLONE TDF (LES FOURCHES) 83230 BORMES LES MIMOSAS,83019,"43.1033,6.3489",Pylône autostable,31m,TDF,2025-10-31,False,False
560273,FREE MOBILE,ALL,LTE 900,R DES CÂBLES DE LYON R DE LA TOUR (LES CADALLES) 01000 ST DENIS LES BOURG,01344,"46.2069,5.2067",Tour hertzienne,89m,TDF,2025-10-31,False,False
567607,FREE MOBILE,ALL,LTE 900,ROUTE DE CREST-VOLAND D 71B 73590 NOTRE DAME DE BELLECOMBE,73186,"45.8075,6.5164",Pylône autostable,"24,5m",TOTEM,2025-10-31,False,False
567628,FREE MOBILE,AAV,LTE 700,18 AV GALLIÉNI 93130 NOISY LE SEC,93053,"48.8975,2.4628",Immeuble,38m,Société HLM,2025-11-10,False,False
567628,FREE MOBILE,ALL,LTE 2100,18 AV GALLIÉNI 93130 NOISY LE SEC,93053,"48.8975,2.4628",Immeuble,38m,Société HLM,2025-10-31,False,False
573846,FREE MOBILE,ALL,LTE 900,22 CHEM DU MONTEIL 33700 MERIGNAC,33281,"44.8156,-0.6578",Pylône autostable,"39,5m",CELLNEX,2025-10-31,False,False
584365,FREE MOBILE,ALL,LTE 900,RTE DE VALBONNE RÉSIDENCE LES OLIVIERS 06410 BIOT,06018,"43.6294,7.0947",Immeuble,13m,Société HLM,2025-10-31,False,False
587314,FREE MOBILE,ALL,"LTE 2100, 5G NR 3500",13 RUE DES SALIGATS CCAL CARREFOUR MARKET PROCHE RN124 COTÉ ADOUR 40800 AIRE SUR L ADOUR,40001,"43.7031,-0.2503",Pylône autostable,35m,HIVORY,2025-10-31,False,False
589432,FREE MOBILE,ALL,LTE 900,R DE LA BUTTE À TONNERRE C.R. N°5 78720 DAMPIERRE EN YVELINES,78193,"48.7058,1.9781",Pylône autostable,42m,TOTEM,2025-10-31,False,False
598637,FREE MOBILE,ALL,LTE 900,RTE DE LOQUI A8 PK 13 PYLÔNE ASF (MALVALLAT) 13540 AIX EN PROVENCE,13001,"43.5333,5.3708",Pylône autostable,35m,Sociétés d'Autoroutes,2025-10-31,False,False
599406,TELCO OI,ALL,"LTE 2100, LTE 2600, 5G NR 700, 5G NR 3500",ROUTE DES CANNES SITE CHATEAU D'EAU 97460 ST PAUL,97415,"-21.0739,55.2325",Mât béton,16m,Telco OI,2025-10-06,False,False
599766,FREE MOBILE,ALL,5G NR 3500,7 R DE L'INDUSTRIE 67170 BRUMATH,67067,"48.7408,7.6961",Pylône autostable,35m,HIVORY,2025-11-03,False,False
601168,FREE MOBILE,AJO,5G NR 3500,RTE D ORSAY HOTEL HOLIDAY INN 91400 SACLAY,91534,"48.7561,2.1706",Immeuble,31m,Société Privée,,False,False
609153,TELCO OI,ALL,"LTE 2100, LTE 2600",CHEMIN NOTRE DAME DE LA PAIX D36 97430 LE TAMPON,97422,"-21.2567,55.6",Mât béton,16m,Telco OI,2025-07-18,False,False
609374,TELCO OI,ALL,"LTE 2100, LTE 2600, 5G NR 700, 5G NR 3500",CHEM MONIER (LANGEVIN) 97480 ST JOSEPH,97412,"-21.3767,55.6444",Mât béton,16m,Telco OI,2025-10-28,False,False
614565,FREE MOBILE,ALL,LTE 900,BD JOHN KENNEDY RÉSIDENCE BALNÉA BÂT. 151 01000 BOURG EN BRESSE,01053,"46.2069,5.2381",Immeuble,28m,Société HLM,2025-10-31,False,False
632001,FREE MOBILE,ALL,LTE 900,STADE DU MARAIS (ER GOUR) 56890 MEUCON,56132,"47.7181,-2.7792",Pylône autostable,"30,5m",HIVORY,2025-10-31,False,False
640703,TELCO OI,ALL,"LTE 2100, LTE 2600",RESERVOIRS (PITON DES SONGES) 97431 LA PLAINE DES PALMISTES,97406,"-21.1517,55.6086",Château d'eau - réservoir,"8,7m","Commune, communauté de communes",2025-07-24,False,False
646200,FREE MOBILE,AJO,5G NR 3500,5 R DU DR HÉNOUILLE 94230 CACHAN,94016,"48.7947,2.3364",Bâtiment,"23,6m",Société HLM,,False,False
665743,TELCO OI,ALL,"LTE 2100, LTE 2600, 5G NR 700, 5G NR 3500",11 CHEM LEBOT 97460 ST PAUL,97415,"-21.0044,55.3242",Mât béton,20m,Telco OI,2025-04-01,False,False
666883,FREE MOBILE,ALL,"LTE 2100, 5G NR 3500",BD  DU FRONT DE MER (AÉROPORT TOULON-HYÈRES) 83400 HYERES,83069,"43.0936,6.1586",Immeuble,"22,9m","Commune, communauté de communes",2025-10-31,False,False
672720,FREE MOBILE,AJO,"UMTS 900, LTE 700, LTE 1800, LTE 2100, LTE 2600, 5G NR 700, 5G NR 3500",4 R CHARLES FRIEDEL ENTREPRISE STRACEL BASSIN RENÉ GRAFF 67200 STRASBOURG,67482,"48.565,7.7961",Pylône autostable,43m,TOTEM,,False,True
693834,TELCO OI,ALL,"LTE 2100, LTE 2600, 5G NR 700, 5G NR 3500", (BAGATELLE) 97441 STE SUZANNE,97420,"-20.9272,55.5856",Pylône autostable,55m,ORANGE Services Fixes,2025-10-21,False,False
695031,FREE MOBILE,ALL,LTE 2100,27 R ST AMBROISE 75011 PARIS 11,75111,"48.8625,2.3775",Immeuble,32m,"Copropriété, Syndic, SCI",2025-10-31,False,False
702671,FREE MOBILE,AJO,"LTE 700, LTE 900, LTE 1800, 5G NR 700",R LÉON CLADEL AUTOCOM 82130 LAFRANCAISE,82087,"44.1278,1.24",Pylône tubulaire,"27,3m",TOTEM,,False,True
703903,FREE MOBILE,ALL,LTE 900,PRÈS D33 (LA MADELEINE) 44130 BLAIN,44015,"47.46,-1.7956",Pylône autostable,46m,HIVORY,2025-11-03,False,False
707280,FREE MOBILE,ALL,5G NR 3500,BD GEORGES POMPIDOU CENTRE DE SECOURS 56000 VANNES,56260,"47.6678,-2.7717",Bâtiment,31m,"SDIS, secours, incendie",2025-10-31,False,False
712943,TELCO OI,ALL,"LTE 2100, LTE 2600",CHEM DES GIROFLÉES (LA CHALOUPE) 97436 ST LEU,97413,"-21.1317,55.3053",Pylône tubulaire,16m,Telco OI,2025-08-05,False,False
714029,TELCO OI,ALL,"LTE 2100, LTE 2600",34 R ADAMS (BOIS DE NEFLES) 97460 ST PAUL,97415,"-20.9853,55.3336",Bâtiment,"13,3m",Particulier,2025-09-10,False,False
719324,FREE MOBILE,AJO,5G NR 3500,88 BD D'ORLÉANS 76100 ROUEN,76540,"49.4367,1.0825",Immeuble,57m,Société HLM,,False,False
725451,FREE MOBILE,AAV,LTE 700,BEL ORIENT (L'HÔPITAL) 22400 LAMBALLE ARMOR,22093,"48.5433,-2.5761",Pylône autostable,30m,HIVORY,2025-11-10,False,False
727350,FREE MOBILE,AJO,LTE 900,STADE DE FOOT (PEUBLA) 73310 CHANAZ,73073,"45.8133,5.7894",Pylône autostable,40m,TDF,,False,True
729862,FREE MOBILE,ALL,LTE 900,R STE THÉRÈSE 73200 ALBERTVILLE,73011,"45.6692,6.3797",Immeuble,"46,4m",Société HLM,2025-10-31,False,False
742488,FREE MOBILE,ALL,LTE 2100, (LE PUECH DE LAGARDE) 12800 CAMJAC,12046,"44.185,2.3786",Pylône autostable,"32,4m",TDF,2025-11-03,False,False
756708,FREE MOBILE,ALL,LTE 900,VOIE COM N°111 DU PONT DE ROULEAU (LES FOSSES) 33390 CARTELEGUE,33101,"45.1975,-0.5906",Pylône autostable,"44,4m",TDF,2025-10-31,False,False
763311,TELCO OI,ALL,"LTE 2100, LTE 2600, 5G NR 700",ROUTE FORESTIÈRE DE LA ROCHE ECRITE (LE BRÛLÉ) 97490 ST DENIS,97411,"-20.9331,55.4333",Pylône autostable,"22,9m",TDF,2025-08-07,False,False
765833,FREE MOBILE,ALL,LTE 900, (LA GRANDE RONDE) 77390 FOUJU,77195,"48.5736,2.7558",Pylône autostable,45m,TDF,2025-10-31,False,False
767301,FREE MOBILE,AJO,5G NR 3500,6 QUAI DE MARSEILLE IMM SRIEM 59100 ROUBAIX,59512,"50.7061,3.1817",Immeuble,"56,3m",Société HLM,,False,False
778481,FREE MOBILE,AJO,LTE 900,LES HEMMES DE MARCK D119 (LES CLAINES) 62730 MARCK,62548,"50.9761,1.9711",Pylône tubulaire,18m,TOTEM,,False,False
786297,TELCO OI,ALL,"LTE 2100, LTE 2600, 5G NR 700, 5G NR 3500",52 CHEM CONCESSION 97432 ST PIERRE,97416,"-21.2992,55.4975",Pylône autostable,25m,Telco OI,2025-10-29,False,False
793537,FREE MOBILE,ALL,LTE 900,PRÈS D.4 (LE PETIT LIMÊLE) 49800 LOIRE AUTHION,49307,"47.4478,-0.4314",Château d'eau - réservoir,45m,"Syndicat des eaux, Adduction",2025-10-31,False,False
807229,FREE MOBILE,AJO,LTE 900,PRÈS GR 127 CHEM DE LENS (LA PLACE D'OR) 62580 GIVENCHY EN GOHELLE,62371,"50.3994,2.7767",Pylône autostable,"35,5m",TOTEM,,False,True
807786,FREE MOBILE,ALL,LTE 900,18 RES DU BOIS DE L ETANG 78320 LA VERRIERE,78644,"48.7603,1.9664",Immeuble,40m,Société HLM,2025-10-31,False,False
815807,FREE MOBILE,ALL,LTE 900,R NEWTON ZONE ARTISANALE DU ROND DE BEL AIR 77240 CESSON,77067,"48.5539,2.6039",Pylône autostable,40m,TOTEM,2025-10-31,False,False
823425,FREE MOBILE,AJO,5G NR 3500,10-12 R DU PR BERGONIE 94270 LE KREMLIN BICETRE,94043,"48.8042,2.3464",Immeuble,32m,Société HLM,,False,False
835004,FREE MOBILE,ALL,LTE 900,"141, 143 AV DE VERSAILLES 78450 VILLEPREUX",78674,"48.8206,1.9994",Pylône arbre,30m,ATC FRANCE,2025-10-31,False,False
835010,FREE MOBILE,ALL,LTE 900,RD 34 (LE TERTRE A CADEAU) 78490 LE TREMBLAY SUR MAULDRE,78623,"48.7678,1.88",Pylône autostable,42m,ATC FRANCE,2025-10-31,False,False
844719,FREE MOBILE,ALL,LTE 900,207 AV JULIEN FABRE HOP GÉNÉRAL 13300 SALON DE PROVENCE,13103,"43.6383,5.1036",Immeuble,"31,5m",Établissement de soins,2025-10-31,False,False
854393,FREE MOBILE,ALL,LTE 900,CHEMIN DES GRAVETTES FACE AU STADE (LES SABLES) 33160 ST MEDARD EN JALLES,33449,"44.8906,-0.7758",Pylône autostable,35m,HIVORY,2025-10-31,False,False
872462,TELCO OI,ALL,"LTE 2100, LTE 2600",RTE DES MERLES (TEVELAVE) 97425 LES AVIRONS,97401,"-21.2061,55.3544",Pylône autostable,15m,TDF,2025-07-18,False,False
909493,FREE MOBILE,AJO,5G NR 3500,36/38 R JULES LAGAISSE 94400 VITRY SUR SEINE,94081,"48.7967,2.3822",Bâtiment,"34,8m","Copropriété, Syndic, SCI",,False,False
911189,FREE MOBILE,ALL,LTE 900,325 AV PAUL SEGUIN 39000 LONS LE SAUNIER,39300,"46.6758,5.5594",Bâtiment,"22,2m",Société HLM,2025-10-31,False,False
916818,FREE MOBILE,ALL,5G NR 3500,21 R DU CLOS CHALOUZEAU 28600 LUISANT,28220,"48.425,1.4722",Pylône tubulaire,25m,ON TOWER FRANCE,2025-10-31,False,False
923837,FREE MOBILE,AJO,LTE 900,LA GAMASSIÈRE 81170 MILHARS,81165,"44.1314,1.8644",Pylône autostable,22m,TDF,,False,False
923837,FREE MOBILE,ALL,"UMTS 900, LTE 700, LTE 1800, LTE 2100, LTE 2600, 5G NR 700",LA GAMASSIÈRE 81170 MILHARS,81165,"44.1314,1.8644",Pylône autostable,22m,TDF,2021-08-20,False,False
923837,FREE MOBILE,SUP,"UMTS 900, LTE 700, LTE 900, LTE 1800, LTE 2100, LTE 2600, 5G NR 700",LA GAMASSIÈRE 81170 MILHARS,81165,"44.1308,1.8628",Pylône autostable,22m,TDF,2021-08-20,False,False
944881,FREE MOBILE,ALL,LTE 900,9 R JULES VALLES 01100 BELLIGNAT,01031,"46.2503,5.6372",Immeuble,30m,Société HLM,2025-10-31,False,False
976293,FREE MOBILE,AJO,5G NR 3500,"CTRE INTERNATIONAL DE SÉJOUR DE PARIS 4-6 , R MAURICE RAVEL (QUARTIER PTE DE ST MANDÉ) 75012 PARIS 12",75112,"48.8422,2.4119",Immeuble,51m,Établissement de soins,,False,False
