id_support,operateur,action,technologie,adresse,code_insee,coordonnees,type_support,hauteur_support,proprietaire_support,date_activ,is_zb,is_new
1011871,ORANGE,SUP,"UMTS 900, LTE 800, LTE 1800",35 RUE DE LA GRANDE TRANCHÉE RÉSIDENCE JARDIN DU MILLENAIRE 79000 NIORT,79191,"46.2867,-0.4703",Immeuble,10m,"Copropriété, Syndic, SCI",2019-04-29,False,False
1033093,ORANGE,SUP,GSM 900,3 RUE CHARLES TELLIER 56300 PONTIVY,56178,"48.0553,-2.9667",Pylône tubulaire,32m,TOTEM,2015-02-18,False,False
1198796,ORANGE,ALL,"LTE 700, LTE 1800, 5G NR 2100",EARDS (LE GANIVET) 28140 BAIGNEAUX,28019,"48.1386,1.84",Pylône autostable,30m,TOTEM,2025-10-20,False,False
1200483,ORANGE,SUP,GSM 900,RUE LEON BINET STADE MUNICIPAL (PORTE D'ESPAGNE) 66100 PERPIGNAN,66136,"42.6647,2.8922",Pylône tubulaire,25m,TDF,2002-10-25,False,False
1285491,ORANGE,SUP,GSM 900,34 RUE MONGE 29200 BREST,29019,"48.3847,-4.4928",Immeuble,"22,6m","Copropriété, Syndic, SCI",2014-02-12,False,False
1325531,ORANGE,SUP,GSM 900,RUE DES JONQUILLES (LES VIGNOTTES) 25110 BAUME LES DAMES,25047,"47.3469,6.3458",Pylône autostable,26m,TOTEM,1996-12-06,False,False
1345369,ORANGE,ALL,"5G NR 700, 5G NR 3500", (LES BLACHES) 26700 PIERRELATTE,26235,"44.3556,4.7097",Pylône tubulaire,23m,TOTEM,2025-10-20,False,False
1353716,ORANGE,SUP,"UMTS 900, LTE 800, LTE 1800, LTE 2100, LTE 2600",PARC DES EXPOSITIONS AVENUE DES LEVADES - LE PRADAS ROUTE DE LA FOIRE 34470 PEROLS,34198,"43.5711,3.9539",Pylône autostable,14m,"Commune, communauté de communes",2021-09-29,False,False
1377439,ORANGE,ALL,LTE 700,CHEMIN RURAL N° 141 D 141-4 (BASMEVILLE FERME) 28700 CHATENAY,28092,"48.3689,1.8986",Pylône autostable,31m,TOTEM,2025-10-24,False,False
1397196,ORANGE,SUP,GSM 900,CHEMIN DE ST MARTIN LES ABRES STATION D'ÉPURATION 28200 CHATEAUDUN,28088,"48.075,1.3108",Pylône tubulaire,33m,TOTEM,2015-12-17,False,False
1413460,ORANGE,SUP,"GSM 900, UMTS 900",262 B BD JEAN JAURES 92100 BOULOGNE BILLANCOURT,92012,"48.8269,2.2469",Immeuble,28m,Société HLM,2014-01-03,False,False
1423884,ORANGE,SUP,GSM 900,CHEMIN RURAL N° 39 (LE HAUT VILLAGE) 37260 ARTANNES SUR INDRE,37006,"47.2625,0.5953",Château d'eau - réservoir,50m,"Syndicat des eaux, Adduction",2015-04-07,False,False
1435777,ORANGE,ALL,5G NR 700,PUGET LE JAS NEUF (MALBOUSQUET) 83600 FREJUS,83061,"43.4614,6.7139",Pylône autostable,41m,Sociétés d'Autoroutes,2025-10-27,False,False
1438858,ORANGE,SUP,GSM 900,RUE DES VIGNÈRES 50470 CHERBOURG EN COTENTIN,50129,"49.6631,-1.7064",Pylône tubulaire,"25,9m",TOTEM,2015-12-17,False,False
1450954,ORANGE,AJO,5G NR 2100, (LA PETITE CHAUME - LA GUESSERI) 86600 COULOMBIERS,86083,"46.4944,0.1833",Pylône autostable,"54,3m",TDF,,False,False
1464259,ORANGE,ALL,5G NR 700,GARE DE DÉPART DU NOUVEAU TÉLÉPHÉRIQUE DE BELLEVAR (LES LÈCHES) 73150 VAL D ISERE,73304,"45.4467,6.9767",Bâtiment,16m,Société Privée,2025-10-27,False,False
146691,ORANGE,SUP,GSM 900,AV RENÉ SCHMITT      RÉSIDENCE THERMIDOR 50470 CHERBOURG EN COTENTIN,50129,"49.6325,-1.6475",Immeuble,21m,Société HLM,2012-12-07,False,False
1477957,ORANGE,SUP,GSM 900,R PIERRE DE COUBERTIN COMPLEXE STEREDEN 22440 PLOUFRAGAN,22215,"48.4986,-2.7672",Pylône tubulaire,25m,"Commune, communauté de communes",2020-06-02,False,False
1484589,ORANGE,SUP,GSM 900,N 39-ROUTE D'HILBERT POSTE DE PÉAGES D'ETAPLES-A16 SORTIE N° 16 62630 ETAPLES,62318,"50.5064,1.6794",Pylône autostable,20m,Sociétés d'Autoroutes,2009-06-29,False,False
1498453,ORANGE,ALL,5G NR 3500,R.N. 7 (LES CAIRES SUD) 26800 ETOILE SUR RHONE,26124,"44.8136,4.8572",Pylône autostable,22m,TOTEM,2025-10-27,False,False
1510475,ORANGE,SUP,"UMTS 900, LTE 800, LTE 1800, LTE 2100",ROUTE DE FUMEL PÔLE DE SANTÉ DU VILLENEUVOIS (BRIGNOL-ROMAS) 47300 VILLENEUVE SUR LOT,47323,"44.4064,0.7453",Bâtiment,17m,Établissement de soins,2019-02-25,False,False
1519288,ORANGE,SUP,GSM 900,RTE DE CHAUDRON EN MAUGES SOCIÉTÉ ERAM 49600 MONTREVAULT SUR EVRE,49218,"47.2694,-1.0164",Bâtiment,19m,Société Privée,2007-04-14,False,False
1528662,ORANGE,SUP,"GSM 900, UMTS 900, LTE 700",10 RUE PIERRE LAROUSSE 75014 PARIS 14,75114,"48.8286,2.3153",Immeuble,"31,2m","Copropriété, Syndic, SCI",2015-04-30,False,False
1539000,ORANGE,ALL,5G NR 700,CHEMIN DE L'AUBORD CENTRAL TÉLÉPHONIQUE (LE CHAMP BOUCHEROJN) 36230 NEUVY ST SEPULCHRE,36141,"46.5892,1.8158",Pylône autostable,33m,TOTEM,2025-10-30,False,False
1547093,ORANGE,ALL,LTE 700, (LES FORGERAIS) 35890 BOURG DES COMPTES,35033,"47.9114,-1.6881",Pylône autostable,38m,TOTEM,2025-10-17,False,False
1570155,ORANGE,SUP,GSM 900,54 BD  DU VIGENAL 87280 LIMOGES,87085,"45.8522,1.2514",Immeuble,21m,Société HLM,2005-01-01,False,False
1574032,ORANGE,AJO,"LTE 700, 5G NR 2100", (LA POUYADE) 23140 JARNAGES,23100,"46.1928,2.0894",Pylône autostable,39m,TOTEM,,False,False
1585120,ORANGE,AJO,"LTE 2100, 5G NR 700, 5G NR 3500",ZAE DE LA TARDIVERIE ROUTE DE LARNAY 86580 BIARD,86027,"46.5994,0.3064",Pylône autostable,30m,TOTEM,,False,False
1585954,ORANGE,AJO,"LTE 700, LTE 2600, 5G NR 2100", (LA BERTERIE) 37530 MONTREUIL EN TOURAINE,37158,"47.4997,0.9464",Pylône autostable,30m,TOTEM,,False,False
1590786,ORANGE,AJO,5G NR 2100, (CHANTEMERLE) 87160 ARNAC LA POSTE,87003,"46.2736,1.4086",Pylône autostable,49m,TDF,,False,False
1617386,ORANGE,ALL,"UMTS 900, LTE 700, LTE 800, LTE 1800, LTE 2100, LTE 2600",RUE DE LA DEMI-LUNE 92800 PUTEAUX,92062,"48.8914,2.2367",Tunnel,"6,5m",SNCF,2025-02-12,False,True
1623730,ORANGE,SUP,"GSM 900, UMTS 900, LTE 700",69 CHEMIN D'AMBREVILLE 91100 VILLABE,91659,"48.5914,2.4628",Bâtiment,"25,4m",ORANGE Services Fixes,2018-04-19,False,False
1625363,ORANGE,ALL,"LTE 700, LTE 2100, LTE 2600",PRÈS D. 760 (LE CARROI DES LOUASSES) 37800 STE MAURE DE TOURAINE,37226,"47.1039,0.6647",Pylône autostable,30m,TOTEM,2025-10-21,False,False
1652631,ORANGE,AJO,"LTE 700, 5G NR 2100",CHEMIN RURAL EDF MEUR (LES TILLES) 21190 TAILLY,21616,"46.9647,4.8017",Pylône autostable,36m,TOTEM,,False,False
1652631,ORANGE,SUP,LTE 2100,CHEMIN RURAL EDF MEUR (LES TILLES) 21190 TAILLY,21616,"46.9647,4.8017",Pylône autostable,36m,TOTEM,2021-03-18,False,False
1659992,ORANGE,SUP,"LTE 700, LTE 800, LTE 1800, LTE 2100, LTE 2600",CHEMIN DU RELAIS (BLANGUET) 64110 ST FAUST,64478,"43.2706,-0.4428",Pylône autostable,30m,TDF,,False,True
1687190,ORANGE,ALL,5G NR 700,R DE LA NOUE GRENET 85170 LES LUCS SUR BOULOGNE,85129,"46.8481,-1.4978",Pylône autostable,32m,TOTEM,2025-10-30,False,False
1694151,ORANGE,ALL,"LTE 700, LTE 800",IMPASSE DU PLESSIS LE PLESSIS - CENTRE EQUESTRE 37530 ST OUEN LES VIGNES,37230,"47.4639,0.9819",Pylône autostable,35m,ATC FRANCE,2025-10-16,False,True
1703575,ORANGE,AJO,"LTE 800, LTE 1800, LTE 2600",AV DE LA LIBERTÉ D350 GARE DE GRETZ ARMAINVILLIERS 77220 GRETZ ARMAINVILLIERS,77215,"48.745,2.7294",Pylône autostable,32m,SNCF,,False,False
1710281,ORANGE,SUP,GSM 900,27 B  R MARIUS PETIT AMBULANCES MODERNES 80450 CAMON,80164,"49.8867,2.3425",Pylône autostable,22m,Société Privée,2018-04-19,False,False
1714415,ORANGE,ALL,5G NR 3500, (LA BASTIDE) 43410 CHAMBEZON,43050,"45.3856,3.2419",Pylône autostable,20m,TOTEM,2025-10-27,False,False
1732614,ORANGE,SUP,GSM 900,167-169 RUE MARÉCHAL JUIN 24000 PERIGUEUX,24322,"45.1861,0.7044",Bâtiment,22m,"Copropriété, Syndic, SCI",2001-04-20,False,False
1736096,ORANGE,SUP,GSM 900,ROUTE DE WATTEN CHEMIN LATÉRAL 59380 BIERNE,59082,"50.9725,2.4208",Pylône tubulaire,"44,6m",TOTEM,2018-01-10,False,False
1765476,ORANGE,AJO,"LTE 700, 5G NR 2100",COL DES 7 FRÈRES 11340 CAMURAC,11066,"42.7989,1.9253",Pylône autostable,30m,TDF,,False,False
1787357,ORANGE,ALL,"LTE 700, LTE 800",EGLISE DE JUVIGNY (EGLISE DE JUVIGNY) 61330 JUVIGNY VAL D ANDAINE,61211,"48.5514,-0.5083",Monument religieux,"32,9m","Commune, communauté de communes",2025-10-28,False,True
1810630,ORANGE,AJO,5G NR 2100, (ENVERS DE PY FROID) 69510 YZERON,69269,"45.7042,4.5961",Pylône autostable,34m,ATC FRANCE,,False,False
1812934,ORANGE,SUP,"UMTS 900, LTE 800, LTE 1800",MAUBÂTI (MAUBÂTI) 16230 VILLOGNON,16414,"45.8583,0.1111",Pylône autostable,30m,TOTEM,2018-05-31,False,False
1858546,ORANGE,SUP,GSM 900,PLACE DES URSULINES LE CARRE MAGIQUE 22300 LANNION,22113,"48.7319,-3.4542",Bâtiment,"16,5m","Commune, communauté de communes",2020-02-10,False,False
1885830,ORANGE,ALL,5G NR 3500,27 RUE TARANTAISE 42230 ST ETIENNE,42218,"45.4372,4.3819",Immeuble,"29,5m",Société HLM,2025-06-30,False,False
1896594,ORANGE,AJO,5G NR 700,AV. OLIVIER D'ORMESSON 2 R D'AMBOLIE 94490 ORMESSON SUR MARNE,94055,"48.7825,2.5342",Pylône tubulaire,"16,7m",TOTEM,,False,False
1896594,ORANGE,SUP,LTE 700,AV. OLIVIER D'ORMESSON 2 R D'AMBOLIE 94490 ORMESSON SUR MARNE,94055,"48.7825,2.5342",Pylône tubulaire,"16,7m",TOTEM,2022-11-10,False,False
1935165,ORANGE,ALL,LTE 700,VOIE COMMUNALE (LE PEU MANGELOUP) 23300 ST MAURICE LA SOUTERRAINE,23219,"46.2028,1.3936",Pylône autostable,36m,TOTEM,2025-10-27,False,False
1974719,ORANGE,AJO,"LTE 2100, 5G NR 700, 5G NR 3500",PROCHE DÉCHETERIE PROCHE D119BIS (CHAMPS DU MILIEU) 72470 ST MARS LA BRIERE,72300,"48.035,0.3911",Pylône autostable,30m,TOTEM,,False,False
1974825,ORANGE,AJO,5G NR 2100,R DE GAMBSHEIM (LE BOURG OUEST) 87500 LADIGNAC LE LONG,87082,"45.5803,1.1114",Pylône autostable,34m,TOTEM,,False,False
1999921,ORANGE,AJO,"5G NR 700, 5G NR 3500",24 R DE LA CHAPELLE  (L'EPINE DU BAS) 35850 IRODOUER,35135,"48.2475,-1.9542",Pylône autostable,18m,TOTEM,,False,False
2003836,ORANGE,ALL,5G NR 700,RUE DES TOURTERELLES 85540 LE CHAMP ST PERE,85050,"46.5125,-1.3453",Pylône autostable,52m,TOTEM,2025-10-30,False,False
2006061,ORANGE,AJO,"5G NR 700, 5G NR 3500",ROUTE DE TIGY D951 45510 NEUVY EN SULLIAS,45226,"47.7917,2.2422",Pylône autostable,30m,TOTEM,,False,False
2039315,ORANGE,ALL,5G NR 3500,HABITATION LA COCOTTE (SARL SOC INVESTISSEMENT) 97224 DUCOS,97207,"14.5708,-60.9803",Bâtiment,16m,Société Privée,2025-10-27,False,False
2059775,ORANGE,AJO,"LTE 700, 5G NR 2100",1 RUE DE VERDUN 77580 PIERRE LEVEE,77361,"48.9003,3.0408",Pylône tubulaire,28m,"Commune, communauté de communes",,False,False
2059775,ORANGE,SUP,LTE 2100,1 RUE DE VERDUN 77580 PIERRE LEVEE,77361,"48.9003,3.0408",Pylône tubulaire,28m,"Commune, communauté de communes",2020-01-24,False,False
2067512,ORANGE,AJO,"5G NR 700, 5G NR 3500",LE MOULINET STADE MUNICIPAL 85150 ST GEORGES DE POINTINDOUX,85218,"46.65,-1.6247",Pylône autostable,36m,ATC FRANCE,,False,False
2067671,ORANGE,SUP,GSM 900,43 RUE GEORGES VALLÉE CHAUFFERIE COLLECTIVE 61100 FLERS,61169,"48.7464,-0.5458",Bâtiment,46m,"Commune, communauté de communes",2020-08-05,False,False
2075961,ORANGE,AJO,5G NR 2100,RÉSERVOIR (LE CABANOU) 12700 NAUSSAC,12170,"44.5147,2.0911",Pylône autostable,15m,TOTEM,,False,False
2085165,ORANGE,AJO,"LTE 1800, 5G NR 2100",ROUTE DES CALMETTES PEX DIG VERS LE ROUGÉ 81310 PARISOT,81202,"43.7958,1.8594",Pylône autostable,31m,TOTEM,,True,False
2088602,ORANGE,AJO,5G NR 2100,35 CHEMIN DU FOUR 82130 L HONOR DE COS,82076,"44.1267,1.3597",Pylône autostable,30m,TOTEM,,False,False
2091170,ORANGE,AJO,"GSM 900, LTE 700",1 RUELAMARTINE METRO 06300 NICE,06088,"43.7011,7.2694",Tunnel,0m,"Commune, communauté de communes",,False,False
2091170,ORANGE,ALL,"UMTS 900, UMTS 2100, LTE 800, LTE 1800, LTE 2100",1 RUELAMARTINE METRO 06300 NICE,06088,"43.7011,7.2694",Tunnel,0m,"Commune, communauté de communes",2020-01-01,False,False
2091170,ORANGE,SUP,"GSM 900, UMTS 900, UMTS 2100, LTE 700, LTE 800, LTE 1800, LTE 2100",1 RUELAMARTINE 06300 NICE,06088,"43.7011,7.2694",Tunnel,0m,"Commune, communauté de communes",2020-01-01,False,False
2091172,ORANGE,AJO,"GSM 900, LTE 700, LTE 2600",STATION DURANDY METRO 06300 NICE,06088,"43.7014,7.2717",Tunnel,0m,"Commune, communauté de communes",,False,False
2091172,ORANGE,ALL,"UMTS 900, UMTS 2100, LTE 800, LTE 1800, LTE 2100",STATION DURANDY METRO 06300 NICE,06088,"43.7014,7.2717",Tunnel,0m,"Commune, communauté de communes",2020-01-01,False,False
2091172,ORANGE,SUP,"GSM 900, UMTS 900, UMTS 2100, LTE 700, LTE 800, LTE 1800, LTE 2100, LTE 2600",STATION DURANDY 06300 NICE,06088,"43.7014,7.2717",Tunnel,0m,"Commune, communauté de communes",2020-01-01,False,False
2091174,ORANGE,AJO,"GSM 900, LTE 700",15 RUE PASTORELLI METRO 06300 NICE,06088,"43.7017,7.2731",Tunnel,0m,"Commune, communauté de communes",,False,False
2091174,ORANGE,ALL,"UMTS 900, UMTS 2100, LTE 800, LTE 1800, LTE 2100",15 RUE PASTORELLI METRO 06300 NICE,06088,"43.7017,7.2731",Tunnel,0m,"Commune, communauté de communes",2020-01-01,False,False
2091174,ORANGE,SUP,"GSM 900, UMTS 900, UMTS 2100, LTE 700, LTE 800, LTE 1800, LTE 2100",15 RUE PASTORELLI 06300 NICE,06088,"43.7017,7.2731",Tunnel,0m,"Commune, communauté de communes",2020-01-01,False,False
2091180,ORANGE,AJO,"GSM 900, LTE 700",13 RUE PENCHIENATTI METRO 06300 NICE,06088,"43.7025,7.2769",Tunnel,0m,"Commune, communauté de communes",,False,False
2091180,ORANGE,ALL,"UMTS 900, UMTS 2100, LTE 800, LTE 1800, LTE 2100",13 RUE PENCHIENATTI METRO 06300 NICE,06088,"43.7025,7.2769",Tunnel,0m,"Commune, communauté de communes",2020-01-01,False,False
2091180,ORANGE,SUP,"GSM 900, UMTS 900, UMTS 2100, LTE 700, LTE 800, LTE 1800, LTE 2100",13 RUE PENCHIENATTI 06300 NICE,06088,"43.7025,7.2769",Tunnel,0m,"Commune, communauté de communes",2020-01-01,False,False
2091182,ORANGE,AJO,"GSM 900, LTE 700",R DE L'HOTEL DES POSTES METRO 06300 NICE,06088,"43.7022,7.2753",Tunnel,0m,"Commune, communauté de communes",,False,False
2091182,ORANGE,ALL,"UMTS 900, UMTS 2100, LTE 800, LTE 1800, LTE 2100",R DE L'HOTEL DES POSTES METRO 06300 NICE,06088,"43.7022,7.2753",Tunnel,0m,"Commune, communauté de communes",2020-01-01,False,False
2091182,ORANGE,SUP,"GSM 900, UMTS 900, UMTS 2100, LTE 700, LTE 800, LTE 1800, LTE 2100",R DE L'HOTEL DES POSTES 06300 NICE,06088,"43.7022,7.2753",Tunnel,0m,"Commune, communauté de communes",2020-01-01,False,False
2091184,ORANGE,AJO,"GSM 900, LTE 700",RTE DE GRENOBLE METRO 06300 NICE,06088,"43.6994,7.2639",Tunnel,0m,"Commune, communauté de communes",,False,False
2091184,ORANGE,ALL,"UMTS 900, UMTS 2100, LTE 800, LTE 1800, LTE 2100",RTE DE GRENOBLE METRO 06300 NICE,06088,"43.6994,7.2639",Tunnel,0m,"Commune, communauté de communes",2020-01-01,False,False
2091184,ORANGE,SUP,"GSM 900, UMTS 900, UMTS 2100, LTE 700, LTE 800, LTE 1800, LTE 2100",RTE DE GRENOBLE 06300 NICE,06088,"43.6994,7.2639",Tunnel,0m,"Commune, communauté de communes",2020-01-01,False,False
2111564,ORANGE,AJO,"LTE 700, 5G NR 2100","ZONE D'ACTIVITÉS DU GRAND ORMEAU D31, PRÈS A85 (LE GRAND ORMEAU) 37310 SUBLAINES",37253,"47.2892,0.9858",Pylône autostable,30m,TOTEM,,False,False
2116194,ORANGE,ALL,LTE 700,RUE DU VIEUX CALVAIRE D136 (PENEHOUET) 56220 CADEN,56028,"47.6308,-2.2931",Pylône autostable,30m,ATC FRANCE,2025-10-30,False,False
2132637,ORANGE,AJO,"5G NR 700, 5G NR 3500",CHEMIN DE LA GRANDE VENTE RUE DU CHAMP CHARDON 41250 MONT PRES CHAMBORD,41150,"47.5561,1.4442",Pylône autostable,30m,TOTEM,,False,False
2132637,ORANGE,SUP,LTE 700,CHEMIN DE LA GRANDE VENTE RUE DU CHAMP CHARDON 41250 MONT PRES CHAMBORD,41150,"47.5561,1.4442",Pylône autostable,30m,TOTEM,2019-10-08,False,False
2135679,ORANGE,ALL,"5G NR 700, 5G NR 3500",4 ROUTE DU CHITENAY 41120 CORMERAY,41061,"47.4975,1.4047",Pylône autostable,30m,TOTEM,2025-10-21,False,False
2137914,ORANGE,SUP,"GSM 900, UMTS 900, LTE 700","6, PL H.RUSSEL GROUPE AG2R 31500 TOULOUSE",31555,"43.585,1.4536",Immeuble,24m,Société Privée,1997-09-05,False,False
2141402,ORANGE,AJO,"LTE 1800, 5G NR 2100",STADE THOMAS (THOMAS) 09130 LE FOSSAT,09124,"43.1697,1.4125",Pylône tubulaire,20m,TOTEM,,True,False
2144328,ORANGE,AJO,"LTE 700, 5G NR 2100","5, RUE DES ECOLES 77940 MONTMACHOUX",77313,"48.3192,2.9936",Immeuble,"10,1m","Commune, communauté de communes",,False,False
2146150,ORANGE,AJO,5G NR 2100,VC N°5 DE LA RD N°24 À LA GARDE (LA PEYRADE) 12260 LA CAPELLE BALAGUIER,12053,"44.4325,1.9436",Pylône autostable,30m,TOTEM,,False,False
2157295,ORANGE,SUP,GSM 900,130 R DE RABATTERIE 37700 ST PIERRE DES CORPS,37233,"47.3931,0.7281",Château d'eau - réservoir,"34,5m","Commune, communauté de communes",2005-08-12,False,False
2164330,ORANGE,SUP,"GSM 900, UMTS 900, LTE 700",ALL DU PROFESSEUR CAMILLE SOULA ENSEEIHT 31500 TOULOUSE,31555,"43.5881,1.4378",Bâtiment,25m,"Commune, communauté de communes",2006-04-01,False,False
2168263,ORANGE,AJO,5G NR 2100,R DE BELLEVUE (LOUMOIS) 79600 AIRVAULT,79005,"46.8197,-0.0906",Pylône autostable,30m,TDF,,False,False
2170777,ORANGE,AJO,"LTE 1800, 5G NR 2100",VOIE COMMUNALE N°23 ROUTE DÉPARTEMENTALE 813 (PETCHABOU) 31290 AVIGNONET LAURAGAIS,31037,"43.3744,1.7664",Pylône autostable,30m,TOTEM,,True,False
2171083,ORANGE,AJO,"5G NR 700, 5G NR 3500",12 AVENUE EDOUARD LÉGISSE RUE DE L'EGLISE 41290 OUCQUES LA NOUVELLE,41171,"47.8211,1.2967",Pylône tubulaire,30m,TOTEM,,False,False
2171083,ORANGE,SUP,LTE 700,12 AVENUE EDOUARD LÉGISSE RUE DE L'EGLISE 41290 OUCQUES LA NOUVELLE,41171,"47.8211,1.2967",Pylône tubulaire,30m,TOTEM,2020-06-30,False,False
2174602,ORANGE,AJO,"LTE 2100, 5G NR 700, 5G NR 3500",224 R DE VILLERS (LE VILLAGE) 80260 FLESSELLES,80316,"50.0028,2.2664",Pylône autostable,24m,ATC FRANCE,,False,False
2174602,ORANGE,SUP,LTE 700,224 R DE VILLERS (LE VILLAGE) 80260 FLESSELLES,80316,"50.0028,2.2664",Pylône autostable,24m,ATC FRANCE,2020-10-27,False,False
2180390,ORANGE,SUP,"GSM 900, UMTS 900, LTE 700",148 CHEM DU CORPS DE GARDE 77500 CHELLES,77108,"48.8683,2.6081",Pylône autostable,57m,ORANGE,2007-07-27,False,False
2180933,ORANGE,AJO,5G NR 2100, (LA BOUSCARE) 09100 ST MARTIN D OYDES,09270,"43.1664,1.5033",Pylône tubulaire,20m,TOTEM,,False,False
2228102,ORANGE,SUP,"GSM 900, UMTS 900, LTE 700",145 AVENUE DE LATTRE DE TASSIGNY 93800 EPINAY SUR SEINE,93031,"48.9583,2.3056",Immeuble,18m,Société Privée,2006-06-03,False,False
2234454,ORANGE,AJO,"LTE 1800, 5G NR 2100",D 261 DE CASTELJALOUX À VILLEFRANCHE (LE PINSAN) 47700 ANZEX,47012,"44.3064,0.1472",Château d'eau - réservoir,44m,"Commune, communauté de communes",,True,False
2238354,ORANGE,SUP,GSM 900,37 R MAURICE DE TASTES 37200 TOURS,37261,"47.4119,0.7072",Immeuble,19m,"Copropriété, Syndic, SCI",2011-04-07,False,False
2243363,ORANGE,SUP,"GSM 900, UMTS 900, LTE 700",BD  DOMERGUE SOFITEL 33800 BORDEAUX,33063,"44.8889,-0.5658",Immeuble,25m,Société Privée,2013-07-12,False,False
2250979,ORANGE,AJO,5G NR 2100,CHEMIN DES PALANQUES 82170 BESSENS,82017,"43.8836,1.27",Pylône autostable,36m,TOTEM,,False,False
2251024,ORANGE,AJO,"LTE 1800, 5G NR 2100","CHEMIN DE LA GRAU, ROUTE DE LEVENS À ST BLAISE (BOSCO DU FOUR) 06670 ST BLAISE",06117,"43.8258,7.2511",Pylône autostable,20m,FREE-MOBILE,,True,False
2267229,ORANGE,SUP,"LTE 700, LTE 800, LTE 1800",1270 CHEMIN DE BELLERIVE AU CANAL 47270 ST ROMAIN LE NOBLE,47274,"44.1433,0.7769",Pylône autostable,42m,ORANGE,,False,True
2268088,ORANGE,AJO,"5G NR 700, 5G NR 3500",RUE DE TIVOLI  (LE BOURG) 41600 NOUAN LE FUZELIER,41161,"47.5419,2.0378",Pylône autostable,30m,TOTEM,,False,False
2268088,ORANGE,SUP,LTE 700,RUE DE TIVOLI  (LE BOURG) 41600 NOUAN LE FUZELIER,41161,"47.5419,2.0378",Pylône autostable,30m,TOTEM,2020-11-09,False,False
2301831,ORANGE,ALL,LTE 2100,ROUTE DE RIVOIRE (RIVOIRE) 69530 ORLIENAS,69148,"45.6589,4.7031",Pylône autostable,19m,ORANGE,2025-10-20,False,False
2302976,ORANGE,AJO,"LTE 700, 5G NR 2100",RTE DE LA TOUR LANTERNE SILO SANDERS (YPREVILLE) 76540 ANGERVILLE LA MARTEL,76013,"49.7736,0.4872",Bâtiment,21m,Société Privée,,False,False
2345019,ORANGE,ALL,5G NR 700,27 RUE JULIETTE ADAM 91190 GIF SUR YVETTE,91272,"48.7017,2.1269",Bâtiment,14m,Société Privée,2025-10-29,False,False
2345032,ORANGE,ALL,5G NR 2100,494 ROUTE DE BARTHE D341 40380 CASSEN,40068,"43.7647,-0.8636",Pylône autostable,30m,ORANGE,2025-10-20,False,False
2370691,ORANGE,SUP,LTE 1800,78 QUAI DU PORT 13002 MARSEILLE 02,13202,"43.2958,5.3692",Mât,10m,"Commune, communauté de communes",,False,True
2398635,ORANGE,AJO,"LTE 2100, 5G NR 700, 5G NR 3500",LES BISES 26210 MORAS EN VALLOIRE,26213,"45.2875,4.9911",Pylône autostable,"40,2m",ON TOWER FRANCE,,False,False
2398635,ORANGE,SUP,LTE 700,LES BISES 26210 MORAS EN VALLOIRE,26213,"45.2875,4.9911",Pylône autostable,"40,2m",ON TOWER FRANCE,2021-06-28,False,False
2425410,ORANGE,AJO,LTE 1800,RTE DE MIQUEU D4 ATELIERS MUNICIPAUX  33340 ST GERMAIN D ESTEUIL,33412,"45.2853,-0.8692",Pylône autostable,36m,ATC FRANCE,,True,False
2430217,ORANGE,SUP,"UMTS 900, LTE 700, LTE 800, LTE 1800",ROUTE DU PIQUET 40350 POUILLON,40233,"43.6403,-1.0217",Pylône autostable,40m,ORANGE,2024-12-18,False,False
2444742,ORANGE,AJO,5G NR 2100,ROUTE DE SAINT THOMAS D53 (LA MIRACLE) 31470 ST THOMAS,31518,"43.515,1.1144",Pylône autostable,40m,TDF,,False,False
2467654,ORANGE,AJO,5G NR 2100,D127 (LA SERRE) 11700 ROQUECOURBE MINERVOIS,11318,"43.2197,2.6372",Pylône autostable,24m,ON TOWER FRANCE,,False,False
2475768,ORANGE,ALL,5G NR 2100,CHEMIN RURAL N°1 - STATION D'EPURATION (LA  BOTEAU) 86330 MONCONTOUR,86161,"46.8942,-0.0225",Pylône autostable,36m,ATC FRANCE,2025-10-20,False,False
2479064,ORANGE,AJO,5G NR 2100,PRÈS D138 TERRAIN DE SPORTS COMMUNAL BOIS PIERRE (Z.A. BOIS PIERRE) 56910 CARENTOIR,56033,"47.8219,-2.0744",Pylône autostable,47m,ATC FRANCE,,False,False
2488934,ORANGE,ALL,5G NR 2100, (CHAMPS DE LA BENIÈRE) 86120 BOURNAND,86036,"47.0797,0.0753",Pylône autostable,"35,8m",ATC FRANCE,2025-10-20,False,False
2490912,ORANGE,SUP,"GSM 900, UMTS 900, LTE 700",39 AV JEAN RIEUX 31500 TOULOUSE,31555,"43.5969,1.4611",Immeuble,"25,5m","Copropriété, Syndic, SCI",2013-07-12,False,False
2536161,ORANGE,AJO,"LTE 700, 5G NR 2100", (VÉZOUILLAC) 12520 VERRIERES,12291,"44.2169,3.0822",Pylône autostable,17m,TOTEM,,False,False
2538030,ORANGE,AJO,"LTE 1800, 5G NR 2100",RUE DE L EGLISE (LES ESPEGALS) 82100 GARGANVILLAR,82063,"43.9808,1.0661",Pylône autostable,33m,TDF,,True,False
2560894,ORANGE,AJO,"LTE 1800, 5G NR 2100",3 LE LONG DES BOIS D 319 (LE LONG DES BOIS) 28240 MANOU,28232,"48.5408,0.9661",Pylône autostable,"28,6m",ORANGE,,True,False
2570014,ORANGE,SUP,"GSM 900, UMTS 900",6 RUE DES MARNAUDES 93210 ST DENIS,93066,"48.9408,2.3842",Immeuble,36m,Société HLM,2006-12-17,False,False
2575677,ORANGE,SUP,"UMTS 900, LTE 700, LTE 800, LTE 1800", (ROQUETAR DE SANTA EULALIA) 66360 SERDINYA,66193,"42.5728,2.3469",Pylône autostable,24m,TDF,,False,True
258193,ORANGE,SUP,"GSM 900, UMTS 900, LTE 700",32 RTE D'AUCH 31770 COLOMIERS,31149,"43.6061,1.2933",Pylône autostable,28m,TOTEM,2004-11-06,False,False
2593341,ORANGE,ALL,5G NR 700,PRÈS GR 22 (LA CROIX DES LANDES) 61700 DOMFRONT EN POIRAIE,61145,"48.5906,-0.6269",Pylône autostable,34m,DDE,2025-10-30,False,False
2602514,ORANGE,SUP,"GSM 900, UMTS 900, LTE 700, LTE 800, LTE 1800, LTE 2100, LTE 2600",VC N°13 DITE DE LA VIEILLE GRANDE ROUTE (GRAND FIEF DE CHAILLÉ) 17700 ST GEORGES DU BOIS,17338,"46.1381,-0.7144",Pylône autostable,30m,TDF,,False,True
2607307,ORANGE,AJO,5G NR 2100,44 AVENUE DE LA GARE 23140 PARSAC RIMONDEIX,23149,"46.1986,2.175",Pylône autostable,30m,ATC FRANCE,,False,False
2611097,ORANGE,AJO,5G NR 2100,LA GROSSE HAIE 77111 SOLERS,77457,"48.6478,2.7375",Pylône autostable,44m,TDF,,False,False
2611097,ORANGE,SUP,LTE 2100,LA GROSSE HAIE 77111 SOLERS,77457,"48.6478,2.7375",Pylône autostable,44m,TDF,2022-06-07,False,False
2635598,ORANGE,AJO,5G NR 2100,3 RUE DU CALVAIRE (LA CROIX VALET) 35470 LA NOE BLANCHE,35202,"47.8067,-1.7386",Pylône autostable,32m,ATC FRANCE,,False,False
2640021,ORANGE,AJO,5G NR 2100,ROUTE DE SAINT GOUSSAUD D28 (LES BOUIGES) 87370 LAURIERE,87083,"46.0694,1.4892",Pylône autostable,36m,ATC FRANCE,,False,False
2647553,ORANGE,AJO,5G NR 2100,D35 (LA CROIX VERTE) 79300 BRESSUIRE,79049,"46.8775,-0.5308",Pylône autostable,32m,TDF,,False,False
2659644,ORANGE,AJO,5G NR 2100,14 RUE DES BERGÈRES 86150 MILLAC,86159,"46.1867,0.6914",Pylône autostable,36m,TOTEM,,False,False
2692825,ORANGE,SUP,"UMTS 900, LTE 800",LES GUICHARDES 16100 MERPINS,16217,"45.6678,-0.3611",Bâtiment,"7,9m",Société Privée,2023-05-23,True,False
2730240,ORANGE,ALL,5G NR 3500,RTE DES ECLICHARMES PROCHE D603 77260 CHAMIGNY,77078,"48.9864,3.1456",Pylône tubulaire,30m,TOTEM,2025-10-24,False,False
2730549,ORANGE,AJO,5G NR 3500,GRAND FRAICHE PROCHE D178 (LE COUDROY) 44310 ST COLOMBAN,44155,"47.0081,-1.5717",Pylône autostable,30m,TOTEM,,False,False
2746371,ORANGE,SUP,"GSM 900, UMTS 900, LTE 700, LTE 800, LTE 1800, LTE 2100, LTE 2600, 5G NR 3500",VOIE DE BARCELONE (EL MARENDA GROS) 66440 TORREILLES,66212,"42.7642,3.0308",Pylône tubulaire,15m,TOTEM,,False,True
2752253,ORANGE,AJO,"LTE 700, 5G NR 2100",RUE DU PUITS CHEVALIER  CROISEMENT AVEC D134 17770 BRIZAMBOURG,17070,"45.8183,-0.4833",Pylône autostable,30m,TOTEM,,False,False
2752253,ORANGE,SUP,LTE 2100,RUE DU PUITS CHEVALIER  CROISEMENT AVEC D134 17770 BRIZAMBOURG,17070,"45.8183,-0.4833",Pylône autostable,30m,TOTEM,,False,False
2757168,ORANGE,AJO,5G NR 2100, (PETIT ROUGET) 31870 BEAUMONT SUR LEZE,31052,"43.3958,1.3806",Pylône autostable,"30,1m",TOTEM,,False,False
2757410,ORANGE,AJO,5G NR 2100,LES CHAMPS DE BALAIS (LE LAC) 18360 SAULZAIS LE POTIER,18245,"46.5964,2.5136",Pylône autostable,30m,TOTEM,,False,False
2765254,ORANGE,AJO,5G NR 2100, (LES SOLES) 19430 MERCOEUR,19133,"45.0383,1.9867",Pylône autostable,42m,ORANGE,,False,False
2832432,ORANGE,ALL,"LTE 700, LTE 800",ROUTE DE MERVILLE HIPPODROME DE MARIANE (DEVANT MARIANNE) 31330 GRENADE,31232,"43.7553,1.2847",Pylône autostable,32m,ON TOWER FRANCE,2025-10-27,False,True
2835049,ORANGE,AJO,5G NR 2100,ROUTE DE BEAUMONT (LE CLOS À PATRON) 77570 MONDREVILLE,77297,"48.1428,2.5961",Pylône autostable,32m,ATC FRANCE,,False,False
2839562,ORANGE,SUP,"GSM 900, UMTS 900, LTE 700, LTE 800, LTE 1800, LTE 2100, LTE 2600",1000 RUE DE LA ROULERIE 17540 ST SAUVEUR D AUNIS,17396,"46.2181,-0.8806",Pylône tubulaire,42m,TDF,,False,True
2841944,ORANGE,SUP,"LTE 700, LTE 800, LTE 1800, LTE 2100, LTE 2600, 5G NR 3500","7, ALLÉE DU PROFESSEUR CAMILLE SOULA BÂTIMENT D 31500 TOULOUSE",31555,"43.5783,1.4314",Immeuble,"18,8m",Société HLM,,False,True
2843218,ORANGE,ALL,"LTE 1800, 5G NR 2100",PROCHE RD 817 - MÉNAUTOUIL (DE LAHANSE) 64300 CASTETIS,64177,"43.4744,-0.73",Pylône autostable,37m,ATC FRANCE,2025-10-20,False,False
2845190,ORANGE,ALL,5G NR 2100,2 LE BOUDET 86110 AMBERRE,86002,"46.7625,0.1542",Pylône autostable,31m,ATC FRANCE,2025-10-20,False,False
2852472,ORANGE,ALL,5G NR 700,1 RUE NICOLAS APPERT 29710 PLONEIS,29173,"48.0128,-4.1961",Pylône autostable,30m,ATC FRANCE,2025-10-30,False,False
2857051,ORANGE,AJO,"UMTS 900, LTE 700, LTE 800",SENTIER DES PARIETTES 73710 PRALOGNAN LA VANOISE,73206,"45.3894,6.7208",Pylône autostable,42m,SFR,,True,True
2862353,ORANGE,ALL,5G NR 3500,RUE FÉLIX EBOUE CENTRE COMMERCIAL  PLATEAU ROY 97233 SCHOELCHER,97229,"14.6197,-61.0822",Bâtiment,18m,Société Privée,2025-10-27,False,False
2863820,ORANGE,AJO,5G NR 2100,PROCHE ROUTE DE LA PUYE (LES CHAMPS BALLINS) 86300 BONNES,86031,"46.6097,0.6114",Pylône autostable,"36,5m",TDF,,False,False
2867276,ORANGE,AJO,5G NR 2100,RUE DE SAINT-CLAIR (LA VALLÉE BRISAIS) 86330 AULNAY,86013,"46.9019,0.0914",Pylône autostable,36m,TOTEM,,False,False
2871562,ORANGE,ALL,"LTE 1800, LTE 2100, LTE 2600, 5G NR 700, 5G NR 3500",IMPASSE DES HÊTRES (LA MAISON BLANCHE) 76700 GAINNEVILLE,76296,"49.5214,0.2672",Pylône autostable,30m,HIVORY,2025-10-21,False,False
2872048,ORANGE,SUP,GSM 900,RUE LAPEYRADE D 626 32150 CAZAUBON,32096,"43.9336,-0.0667",Château d'eau - réservoir,27m,"Commune, communauté de communes",1997-06-06,False,False
2883854,ORANGE,ALL,"LTE 1800, 5G NR 2100",13 ROUTE DES ANNEREAUX (AUX MARCADIS) 33500 LALANDE DE POMEROL,33222,"44.9575,-0.2186",Pylône autostable,30m,TDF,2025-10-21,False,False
2903461,ORANGE,AJO,5G NR 700,10 RUE BELLEVUE 76620 LE HAVRE,76351,"49.5011,0.0989",Bâtiment,19m,"Copropriété, Syndic, SCI",,False,False
2903461,ORANGE,SUP,LTE 700,10 RUE BELLEVUE 76620 LE HAVRE,76351,"49.5011,0.0989",Bâtiment,19m,"Copropriété, Syndic, SCI",,False,False
2921047,ORANGE,SUP,GSM 900,5 ALL COLETTE 87280 LIMOGES,87085,"45.8547,1.2589",Immeuble,29m,Société HLM,2012-05-09,False,False
2923844,ORANGE,SUP,GSM 900,PRÈS DU QUAI DE BLAINVILLE TERMINAL BLAINVILLE SUR ORNE 14550 BLAINVILLE SUR ORNE,14076,"49.2236,-0.2992",Pylône autostable,30m,TOTEM,2014-08-22,False,False
2940232,ORANGE,SUP,GSM 900,AVENUE ADRIEN PRESSEMANE (CHATEAU DE LA RUE) 87350 PANAZOL,87114,"45.8383,1.3225",Pylône autostable,42m,TOTEM,2012-09-25,False,False
2944820,ORANGE,SUP,"GSM 900, UMTS 900, LTE 700, LTE 800, LTE 1800, LTE 2100",CENTRAL TÉLÉPHONQUE 26 ROUTE DES ESTRETS 13490 JOUQUES,13048,"43.6378,5.6336",Pylône haubané,12m,ORANGE,2024-03-08,False,False
2947504,ORANGE,SUP,"LTE 700, LTE 800, LTE 1800, 5G NR 3500", (LES PLANASSES) 34270 ST JEAN DE CUCULLES,34266,"43.7406,3.8336",Pylône autostable,"35,8m",TOTEM,,False,True
2956867,ORANGE,ALL,LTE 800,RUE ADOLPHE MARISSEL (CORON DE DENAIN) 59255 HAVELUY,59292,"50.3503,3.3975",Pylône tubulaire,30m,FREE-MOBILE,2025-10-24,False,True
296755,ORANGE,SUP,GSM 900,CHEM D'AUREILHAN PYLÔNE ORANGE 65320 BORDERES SUR L ECHEZ,65100,"43.2544,0.0611",Pylône autostable,40m,TOTEM,2005-12-24,False,False
2971625,ORANGE,SUP,GSM 900,CHEMIN DE LA PASTAYRIE (ROSSIGNOL) 81990 PUYGOUZON,81218,"43.8792,2.1594",Pylône autostable,24m,TOTEM,1998-01-19,False,False
2971985,ORANGE,ALL,LTE 800,10 AVENUE ACHILLE BAUMANN CENTRE DE RÉÉDUCATION UGECAM 67400 ILLKIRCH GRAFFENSTADEN,67218,"48.5367,7.7225",Bâtiment,41m,Établissement de soins,2025-10-30,False,True
2993117,ORANGE,SUP,"LTE 700, LTE 800, LTE 1800, 5G NR 2100",IMPASSE DES ATELIERS CROIX BRANGER 10 RUE DE LA CROIX BRANGER 79500 ST ROMANS LES MELLE,79295,"46.2094,-0.1928",Pylône autostable,36m,TOTEM,,False,True
3001336,ORANGE,SUP,"LTE 700, LTE 800, LTE 1800, 5G NR 3500",3 RUE GABRIEL MEZIE STADE DE RUGBY (LA GRANDE PIECE) 24400 ST MEDARD DE MUSSIDAN,24462,"45.04,0.3494",Pylône autostable,"35,7m",TOTEM,,False,True
3002290,ORANGE,SUP,GSM 900,RUE DES CANADIENS STADE 14460 COLOMBELLES,14167,"49.2061,-0.3108",Pylône autostable,29m,TOTEM,2017-01-20,False,False
3007849,ORANGE,SUP,GSM 900,3 AVENUE ROGER RONCIER LOCA BRIVE INDUSTRIE 19100 BRIVE LA GAILLARDE,19031,"45.1508,1.4886",Pylône tubulaire,30m,TOTEM,2008-02-28,False,False
3007860,ORANGE,ALL,LTE 2100,ROUTE DES ETANGS 76700 GONFREVILLE L ORCHER,76305,"49.4831,0.2322",Pylône autostable,39m,TOTEM,2025-10-21,False,False
3013625,ORANGE,ALL,"UMTS 900, LTE 700, LTE 800",PROCHE D58 (STADE) (BOUT DU LIEU) 15250 MARMANHAC,15118,"45.0006,2.4872",Pylône autostable,39m,FREE-MOBILE,2025-09-24,True,True
3019512,ORANGE,SUP,"LTE 700, LTE 800, LTE 1800, LTE 2100, LTE 2600, 5G NR 700, 5G NR 3500",4 RUE DE LA LLAGONE 31500 TOULOUSE,31555,"43.5878,1.3789",Immeuble,"16,4m","Copropriété, Syndic, SCI",,False,True
3031680,ORANGE,ALL,"LTE 700, LTE 800",GUILLEBAUDON RUE DE GUILLEBAUDON 89400 CHICHERY,89105,"47.8989,3.5067",Pylône autostable,36m,ATC FRANCE,2025-10-29,True,True
3034775,ORANGE,SUP,"LTE 1800, LTE 2600, 5G NR 3500",18 RUE DES PRÊTRES PLACE DES CARMES 31500 TOULOUSE,31555,"43.5972,1.4442","Ouvrage de signalisation (portique routier, panneau routier)","3,1m",Société Privée,,False,True
3035500,ORANGE,ALL,"LTE 700, LTE 800",CHEMIN DE BERLES 62690 HERMAVILLE,62438,"50.3258,2.5783",Pylône autostable,30m,TOTEM,2025-10-24,False,True
3041285,ORANGE,AJO,5G NR 2100,ROUTE DE LA BOISELLERIE (LA BELLE INDIENNE) 86230 SERIGNY,86260,"46.9361,0.3056",Pylône autostable,30m,TOTEM,,False,False
3044735,ORANGE,ALL,"LTE 700, LTE 800",ROUTE DU COL DE LA BERGÈRE (LES RENTES ET LES SABLES) 16120 BONNEUIL,16050,"45.5914,-0.1381",Pylône autostable,30m,TOTEM,2025-10-27,False,True
3050851,ORANGE,AJO,"UMTS 900, LTE 700, LTE 800",LES CHAMPS DU BOIS 28340 LA FERTE VIDAME,28149,"48.6258,0.8331",Pylône autostable,"42,3m",FREE-MOBILE,,True,True
3052551,ORANGE,AJO,"UMTS 900, LTE 700, LTE 800",830 ROUTE DE MAMERS (LE POIRIER JAUNE) 72400 LA CHAPELLE DU BOIS,72062,"48.2297,0.5828",Pylône autostable,"42,4m",FREE-MOBILE,,True,True
3054062,ORANGE,SUP,"GSM 900, UMTS 900, LTE 700",6 RUE DU CLOS RENE 34090 MONTPELLIER,34172,"43.6067,3.8803",Immeuble,22m,"Copropriété, Syndic, SCI",2013-08-09,False,False
3054174,ORANGE,AJO,"UMTS 900, LTE 700, LTE 800",ROUTE DU VIGNAL (LE VIGNAL) 19550 LAVAL SUR LUZEGE,19111,"45.2656,2.165",Pylône autostable,42m,FREE-MOBILE,,True,True
3070477,ORANGE,AJO,5G NR 700,6 RUE DE TURENNE 75004 PARIS 04,75104,"48.855,2.3636",Immeuble,"26,4m","Copropriété, Syndic, SCI",,False,False
3070477,ORANGE,SUP,LTE 700,6 RUE DE TURENNE 75004 PARIS 04,75104,"48.855,2.3636",Immeuble,"26,4m","Copropriété, Syndic, SCI",2022-12-22,False,False
3076732,ORANGE,ALL,"GSM 900, UMTS 2100, LTE 800, LTE 1800, LTE 2600, 5G NR 3500",22 RUE MANGUE POMME 97150 ST MARTIN,97801,"18.0686,-63.0714",Mât métallique,"5,1m",DAUPHIN TELECOM,2025-09-30,False,True
3076734,ORANGE,ALL,"GSM 900, UMTS 2100, LTE 800, LTE 1800, LTE 2600, 5G NR 3500",22 RUE MANGUE POMME 97150 ST MARTIN,97801,"18.0686,-63.0714",Mât métallique,"5,1m",DAUPHIN TELECOM,2025-09-30,False,True
3101269,ORANGE,SUP,"LTE 700, LTE 800, LTE 1800, 5G NR 2100", (LE BALUET) 09290 LE MAS D AZIL,09181,"43.0419,1.32",Pylône autostable,30m,TDF,,False,True
3105867,ORANGE,ALL,UMTS 900, (LA LOUBE) 43170 SAUGUES,43234,"44.9275,3.4597",Pylône autostable,42m,SFR,2025-09-30,True,True
3107330,ORANGE,SUP,GSM 900,R DU GROS CLOS CENTRAL FT 88160 LE THILLOT,88468,"47.8792,6.7642",Pylône tubulaire,28m,TOTEM,2011-03-18,False,False
3113245,ORANGE,SUP,"LTE 800, LTE 1800, LTE 2100, 5G NR 700, 5G NR 3500",4 RUE DU MARAIS 60110 AMBLAINVILLE,60010,"49.2025,2.1086",Pylône autostable,24m,TOTEM,,False,True
3113490,ORANGE,AJO,"UMTS 900, LTE 700, LTE 800",RUE D'OCROY (LA TERRE BLANCHE) 02130 DRAVEGNY,02271,"49.2308,3.6322",Pylône autostable,24m,SFR,,True,True
3116786,ORANGE,SUP,"UMTS 900, LTE 800, LTE 1800, LTE 2100, 5G NR 700, 5G NR 3500",112 RUE MAURICE WILLOT 59600 ASSEVENT,59021,"50.285,4.0228",Pylône tubulaire,"43,7m",TOTEM,,False,True
3116936,ORANGE,ALL,"LTE 700, LTE 800",ROUTE DE CONSTANTINE (LANDE DE LESGOR) 40990 MEES,40179,"43.7233,-1.1344",Pylône autostable,42m,TDF,2025-10-27,False,True
3117883,ORANGE,SUP,"LTE 700, LTE 800, LTE 1800, 5G NR 2100",CHEMIN DES FILLARDS 71540 BARNAY,71020,"47.0886,4.3403",Pylône autostable,27m,TDF,,False,True
3118341,ORANGE,SUP,"LTE 700, LTE 800, LTE 1800, 5G NR 2100",14 RUE LOUIS KLIPFEL 67140 BARR,67021,"48.4053,7.44",Immeuble,"16,9m",Société HLM,,False,True
312400,ORANGE,SUP,GSM 900,D.372 (LES MARGINIÈRES) 28160 MOULHARD,28273,"48.2153,0.9578",Pylône autostable,27m,TOTEM,2006-04-22,False,False
3129856,ORANGE,ALL,UMTS 900,ROUTE DE LUHUSOKO ERREPIDEA D119 (ERRAYTY SUD) 64640 HELETTE,64259,"43.3072,-1.2669",Pylône autostable,30m,SFR,2025-10-03,True,True
3135445,ORANGE,AJO,"UMTS 900, LTE 700, LTE 800",CHEMIN RURAL DU PONT ROUTE DÉPARTEMENTALE D953 (LA CHAZÉE) 21330 MOLESME,21419,"47.9494,4.375",Pylône autostable,52m,SFR,,True,True
3146766,ORANGE,ALL,UMTS 900,PROCHE DE RUE DES BORDES (SERRAT DEL CABRIDADOU) 66720 LANSAC,66092,"42.7708,2.5642",Pylône autostable,"30,3m",SFR,2025-08-22,True,True
3148698,ORANGE,ALL,"LTE 700, LTE 800",1428 COTE DE SAINT-URCISSE 82110 TREJOULS,82183,"44.2628,1.1878",Pylône autostable,12m,TOTEM,2025-10-27,True,False
3161153,ORANGE,SUP,GSM 900,RUE DOCTEUR MISES R DU GUÉ VERTHAMONT 87280 LIMOGES,87085,"45.8153,1.2233",Pylône tubulaire,24m,TOTEM,2005-12-10,False,False
3166595,ORANGE,AAV,"UMTS 900, UMTS 2100, 5G NR 3500",MORNE MAMIEL - PROVIDENCE PRÈS AÉROGARE (AEROPORT POLE CARAIBES) 97142 LES ABYMES,97101,"16.2714,-61.5303",Pylône tubulaire,30m,PHOENIX FRANCE INFRASTRUCTURES,2026-10-27,False,True
3166595,ORANGE,ALL,"GSM 900, LTE 1800, LTE 2100, LTE 2600",MORNE MAMIEL - PROVIDENCE PRÈS AÉROGARE (AEROPORT POLE CARAIBES) 97142 LES ABYMES,97101,"16.2714,-61.5303",Pylône tubulaire,30m,PHOENIX FRANCE INFRASTRUCTURES,2025-10-27,False,True
3181021,ORANGE,ALL,"LTE 700, LTE 800",ROUTE D'AUCH (D2) 32300 ST ELIX THEUX,32375,"43.4336,0.4692",Pylône autostable,24m,ATC FRANCE,2025-10-27,False,True
3184734,ORANGE,ALL,"LTE 800, LTE 1800, LTE 2100, LTE 2600, 5G NR 700, 5G NR 3500",14 RUE DU MOULIN DE LA PARÉE (LES RETARDES NORD) 17550 DOLUS D OLERON,17140,"45.8856,-1.2481",Pylône tubulaire,12m,TOTEM,2025-10-20,False,True
3189538,ORANGE,AJO,"UMTS 900, LTE 700, LTE 800",161 ROUTE DE LA VAUDELLE 58290 SERMAGES,58277,"47.0219,3.8478",Pylône tubulaire,12m,ORANGE,,True,True
3190750,ORANGE,AJO,"UMTS 900, LTE 800, LTE 1800, LTE 2100, LTE 2600, 5G NR 700, 5G NR 3500",33 RUE D'ALSACE 75010 PARIS 10,75110,"48.8786,2.3583",Bâtiment,"26,5m","Copropriété, Syndic, SCI",,False,True
3203599,ORANGE,AJO,"UMTS 900, LTE 700, LTE 800, LTE 1800, 5G NR 2100",CHEMIN LA PLANE (LE BALUET) 09290 LE MAS D AZIL,09181,"43.0419,1.32",Pylône autostable,30m,TDF,,False,True
3204010,ORANGE,AJO,UMTS 900,ROUTE DU PIQUET 40350 POUILLON,40233,"43.6403,-1.0217",Pylône autostable,40m,ATC FRANCE,,False,True
3204010,ORANGE,ALL,"LTE 700, LTE 800, LTE 1800",ROUTE DU PIQUET 40350 POUILLON,40233,"43.6403,-1.0217",Pylône autostable,40m,ATC FRANCE,2024-12-18,False,True
3205435,ORANGE,AJO,5G NR 700,19 BOULEVARD MAYOL DE SENILLOSA 64200 BIARRITZ,64122,"43.4864,-1.5436",Pylône tubulaire,"30,7m",TOTEM,,False,True
3205435,ORANGE,ALL,"GSM 900, UMTS 900, LTE 700, LTE 800, LTE 1800, LTE 2100, LTE 2600, 5G NR 3500",19 BOULEVARD MAYOL DE SENILLOSA 64200 BIARRITZ,64122,"43.4864,-1.5436",Pylône tubulaire,"30,7m",TOTEM,2021-06-30,False,True
331343,ORANGE,SUP,GSM 900,13 R JOSEPH ROUSSELOT IMM EURORÉSIDENCE 14000 CAEN,14118,"49.2078,-0.3597",Immeuble,"23,1m","Copropriété, Syndic, SCI",2019-05-13,False,False
363389,ORANGE,SUP,GSM 900,15 R STE ANNE 45100 ORLEANS,45234,"47.9042,1.9053",Immeuble,15m,Particulier,2013-07-05,False,False
419228,ORANGE,SUP,GSM 900,RTE DES SABLONS CENTRAL TÉLÉPHONIQUE (LE TORCHE) 27100 VAL DE REUIL,27701,"49.2667,1.2128",Bâtiment,13m,ORANGE Services Fixes,2021-02-11,False,False
433829,ORANGE,SUP,GSM 900,6 AV DU BATAILLON DE LA GARDE ZAC DES MALADIÈRES 21200 BEAUNE,21054,"47.0408,4.8425",Pylône tubulaire,18m,TOTEM,2012-11-14,False,False
435158,ORANGE,SUP,UMTS 2100,2 R BARRAU 31500 TOULOUSE,31555,"43.5858,1.4656",Bâtiment,24m,"Copropriété, Syndic, SCI",2008-10-20,False,False
435366,ORANGE,ALL,LTE 700,CHEM RURAL 1 (LE BOIS DES PLANTS) 78125 EMANCE,78209,"48.5778,1.735",Pylône tubulaire,38m,HIVORY,2025-10-29,False,False
435846,ORANGE,SUP,GSM 900,PL DE LA HALLE HOTEL LE DAUPHIN 61300 L AIGLE,61214,"48.7636,0.6289",Immeuble,"21,5m",Particulier,2006-05-27,False,False
437500,ORANGE,ALL,5G NR 700,STATION MÉTÉO (PLAINE DE ROME) 43770 CHADRAC,43046,"45.055,3.8944",Pylône autostable,37m,HIVORY,2025-10-27,False,False
437743,ORANGE,SUP,GSM 900,RN20 (LA BOURDINIÈRE) 41600 NOUAN LE FUZELIER,41161,"47.4753,2.04",Pylône autostable,43m,TDF,2005-05-14,False,False
439289,ORANGE,SUP,GSM 900, (HAUT DU CAMP) 88440 NOMEXY,88327,"48.3036,6.3786",Pylône autostable,43m,TDF,2004-09-25,False,False
439427,ORANGE,SUP,GSM 900,ROUTE DE THIONVILLE PRÉS D953 (GARE DE TRIAGE DE WOIPPY) 57140 WOIPPY,57751,"49.1783,6.1611",Pylône autostable,37m,TOTEM,2007-03-03,False,False
439961,ORANGE,SUP,GSM 900,4 R DU CENTRAL TÉLÉPHONIQUE (PRAIRIE DE MADAME) 09300 LAVELANET,09160,"42.9308,1.8467",Pylône autostable,35m,TOTEM,1997-05-09,False,False
439992,ORANGE,AJO,5G NR 2100, (MONT D'HUBERT) 62179 ESCALLES,62307,"50.9219,1.7219",Pylône autostable,67m,TDF,,False,False
439992,ORANGE,SUP,LTE 2100, (MONT D'HUBERT) 62179 ESCALLES,62307,"50.9219,1.7219",Pylône autostable,67m,TDF,2024-04-05,False,False
441146,ORANGE,ALL,5G NR 700,ANCIEN SEMAPHORE (CALLELONGUE ) 13008 MARSEILLE 08,13208,"43.2108,5.3556",Sémaphore,"17,2m","État, Ministère",2025-10-20,False,False
441559,ORANGE,SUP,GSM 900,AV DES MONTOIRES 45500 GIEN,45155,"47.7053,2.625",Château d'eau - réservoir,"67,7m","Syndicat des eaux, Adduction",2008-05-14,False,False
445457,ORANGE,SUP,"GSM 900, UMTS 900, LTE 700, LTE 800, LTE 1800, LTE 2100, LTE 2600, 5G NR 700, 5G NR 3500",1 CHEM DE VENTENAC 31320 VIEILLE TOULOUSE,31575,"43.5286,1.4419",Pylône tubulaire,18m,TOTEM,2022-02-25,False,False
450273,ORANGE,SUP,GSM 900,10 R LÉON WALRAS  SOCIÉTÉ MILLER GRAPHICS 87280 LIMOGES,87085,"45.8058,1.2822",Pylône tubulaire,25m,TOTEM,2008-06-23,False,False
456260,ORANGE,SUP,GSM 900,TOUR  HERTZIENNE TDF (CAPITELLES) 30900 NIMES,30189,"43.8778,4.3536",Tour hertzienne,62m,TDF,2000-02-25,False,False
458786,ORANGE,ALL,5G NR 700,230 AV PIERRE RAMEIL HLM PIERRE RAMEIL 83240 CAVALAIRE SUR MER,83036,"43.1744,6.5264",Immeuble,18m,Société HLM,2025-10-27,False,False
459571,ORANGE,SUP,GSM 900,69A BD DE ST DIE (LA CROISETTE) 88400 GERARDMER,88196,"48.0786,6.8869",Bâtiment,37m,Société Privée,2011-11-04,False,False
460327,ORANGE,SUP,GSM 900,CHE DE LA CAROLE (LE PECH) 09000 PRAYOLS,09236,"42.9289,1.6206",Local technique,16m,"Syndicat des eaux, Adduction",2008-07-10,False,False
463180,ORANGE,ALL,LTE 700,PRÈS D.938 (TROUÉE DE NOURARD) 60130 ST JUST EN CHAUSSEE,60581,"49.5014,2.3967",Pylône haubané,203m,TDF,2025-10-24,False,False
465473,ORANGE,ALL,5G NR 700,PYLONE TDF SOMMET STATION (PRE DE L'ACHARD) 38250 VILLARD DE LANS,38548,"45.0303,5.57",Pylône autostable,"22,6m",TDF,2025-10-27,False,False
466390,ORANGE,ALL,LTE 700,RTE DES CRÊTES COL DU BONHOMME (LE HAUT DU BONHOMME) 88230 PLAINFAING,88349,"48.1644,7.0794",Pylône tubulaire,41m,HIVORY,2025-10-28,False,False
467446,ORANGE,AJO,5G NR 2100,LA MAISON DES CHAMPS (LES VIEUX ESSARTS DE MAREUIL) 86300 FLEIX,86098,"46.5708,0.7461",Pylône autostable,38m,TDF,,False,False
468643,ORANGE,AJO,5G NR 2100, (LA COSTE) 26510 SAHUNE,26288,"44.4181,5.2681",Pylône autostable,20m,TDF,,False,False
474726,ORANGE,ALL,5G NR 700,CHEM RURAL / RUE DES RENFERMIS CHÂTEAU D'EAU MUNICIPAL (LES PAUDUATS) 36800 ST GAULTIER,36192,"46.6442,1.4383",Château d'eau - réservoir,48m,"Commune, communauté de communes",2025-10-23,False,False
479055,ORANGE,AJO,"LTE 2100, 5G NR 700, 5G NR 3500",TAILLE-VENT CHE DE LEVRETTE TOUR FT (DOMAINE DE LEBRETTES) 11120 MOUSSAN,11258,"43.2125,2.955",Tour hertzienne,51m,ORANGE Services Fixes,,False,False
479055,ORANGE,SUP,LTE 700,TAILLE-VENT CHE DE LEVRETTE TOUR FT (DOMAINE DE LEBRETTES) 11120 MOUSSAN,11258,"43.2125,2.955",Tour hertzienne,51m,ORANGE Services Fixes,2024-06-03,False,False
482178,ORANGE,ALL,5G NR 700,CHEM VICINAL KERHUEL (BREC'HORAY) 29370 CORAY,29041,"48.0681,-3.8239",Pylône autostable,"47,5m",ATC FRANCE,2025-10-30,False,False
483177,ORANGE,SUP,GSM 900,VOIE COMMUNALE N1 (LES VIEUX PARCS) 37320 ESVRES,37104,"47.3203,0.7689",Pylône autostable,30m,TOTEM,2009-03-11,False,False
483361,ORANGE,AAV,5G NR 3500,PRÈS N.9 - R PIÉTONNE ZAC DE RIVIÈRE ROCHE - ROUGE 97234 FORT DE FRANCE,97209,"14.6167,-61.0383",Bâtiment,22m,Société Privée,2029-10-27,False,False
484741,ORANGE,SUP,GSM 900, (LES LAVIÈRES) 21500 MONTBARD,21425,"47.6075,4.3481",Pylône autostable,"50,5m",TDF,1998-09-11,False,False
487203,ORANGE,SUP,"GSM 900, UMTS 900, LTE 700, LTE 800, LTE 1800, LTE 2100",RTE DU MONT PAGNOTTE CHEM D'IVILLERS STATION HERTZIENNE TDF (MONT PAGNOTTE) 60700 PONTPOINT,60508,"49.2794,2.6408",Tour hertzienne,48m,TDF,1992-06-05,False,False
495293,ORANGE,ALL,5G NR 700,R DU CLOS MAROLLES 28130 PIERRES,28298,"48.58,1.5639",Pylône tubulaire,30m,TOTEM,2025-10-27,False,False
498825,ORANGE,ALL,LTE 700, (CAPCOS) 40110 ONESSE LAHARIE,40210,"44.0172,-1.0194",Pylône autostable,50m,ATC FRANCE,2025-10-27,False,False
504064,ORANGE,SUP,GSM 900,PRÈS DÉPARTEMENTALE 783 (KERAMBESQ) 29170 ST EVARZEC,29247,"47.9414,-4.0206",Pylône autostable,35m,HIVORY,2005-11-19,False,False
505602,ORANGE,SUP,GSM 900,R GASTON VIMONT 14500 VIRE NORMANDIE,14762,"48.8414,-0.8931",Immeuble,19m,Société HLM,2002-09-28,False,False
506259,ORANGE,ALL,5G NR 3500,CHEM DES PYRÉNÉES (MADELEINE) 97123 BAILLIF,97104,"16.0306,-61.7425",Pylône autostable,20m,DIGICEL,2025-10-27,False,True
508976,ORANGE,SUP,GSM 900,PYLÔNE TDF (LE BOIS DE SEL) 62630 LEFAUX,62496,"50.5636,1.6486",Pylône autostable,55m,TDF,1997-11-30,False,False
510095,ORANGE,AJO,"5G NR 700, 5G NR 3500",PYLONE TDF (MONTE SAN GHIABICU) 20115 PIANA,2A212,"42.2381,8.6211",Pylône autostable,43m,TDF,,False,False
510095,ORANGE,SUP,LTE 700,PYLONE TDF (MONTE SAN GHIABICU) 20115 PIANA,2A212,"42.2381,8.6211",Pylône autostable,43m,TDF,2020-06-02,False,False
512183,ORANGE,SUP,GSM 900,CHEM DE GABARETS (LES COURROUAU) 65270 ST PE DE BIGORRE,65395,"43.0958,-0.1447",Pylône autostable,35m,TDF,2012-09-04,False,False
517011,ORANGE,SUP,GSM 900, (PORT DE PARON) 89100 PARON,89287,"48.1894,3.2653",Pylône autostable,30m,ATC FRANCE,2009-10-19,False,False
517496,ORANGE,SUP,GSM 900,5118 CHEMIN DU VIDOURLE CLUB DE MUSCU 34590 MARSILLARGUES,34151,"43.6669,4.1819",Bâtiment,20m,"Commune, communauté de communes",1997-08-08,False,False
518416,ORANGE,ALL,5G NR 3500,PIERRE LONGUE COMBRONDE (LES CHOUETTES) 63460 COMBRONDE,63116,"45.9767,3.1047",Pylône autostable,32m,TDF,2025-10-27,False,False
519953,ORANGE,SUP,GSM 900,PL JEAN GUIHARD 44130 BLAIN,44015,"47.4756,-1.7642",Monument religieux,42m,"Commune, communauté de communes",2007-12-12,False,False
520267,ORANGE,AJO,"LTE 700, LTE 2600, 5G NR 2100",PYLONE FRANCE TELECOM (CHAUME DE SÉRICHAMP) 88230 BAN SUR MEURTHE CLEFCY,88106,"48.1089,7.0028",Pylône autostable,57m,TOTEM,,False,False
520267,ORANGE,SUP,LTE 2100,PYLONE FRANCE TELECOM (CHAUME DE SÉRICHAMP) 88230 BAN SUR MEURTHE CLEFCY,88106,"48.1089,7.0028",Pylône autostable,57m,TOTEM,2023-06-26,False,False
527979,ORANGE,AJO,"LTE 700, 5G NR 2100",CHEM RURAL (BONNENFINGERWIESE) 57200 BLIESBRUCK,57091,"49.1072,7.1733",Pylône autostable,30m,HIVORY,,False,False
527979,ORANGE,SUP,LTE 2100,CHEM RURAL (BONNENFINGERWIESE) 57200 BLIESBRUCK,57091,"49.1072,7.1733",Pylône autostable,30m,HIVORY,2021-11-16,False,False
534636,ORANGE,AJO,5G NR 2100,14 R DE LA BESSIERE 81250 ALBAN,81003,"43.8872,2.4522",Château d'eau - réservoir,28m,"Commune, communauté de communes",,False,False
535060,ORANGE,SUP,GSM 900,RN 4 (LA MARE AUX LENTS) 55170 ANCERVILLE,55010,"48.6389,5.04",Pylône autostable,38m,ATC FRANCE,2008-05-30,False,False
538029,ORANGE,SUP,"GSM 900, UMTS 900, LTE 700, LTE 800, LTE 1800, LTE 2100, 5G NR 3500",LE STADE (LE GRAND CHAMP) 86190 VOUILLE,86294,"46.6419,0.1619",Château d'eau - réservoir,64m,"Syndicat des eaux, Adduction",1995-03-03,False,False
540618,ORANGE,AJO,"UMTS 900, LTE 1800, LTE 2100",R PAQUERETTE RÉGINA VILLE 97390 REGINA,97301,"4.3133,-52.1297",Pylône autostable,73m,ORANGE Services Fixes,,False,False
541454,ORANGE,SUP,GSM 900,LA BORDE NEUVE DE PITRAC 32700 LECTOURE,32208,"43.9522,0.6556",Pylône autostable,40m,TOTEM,2007-02-17,False,False
542791,ORANGE,SUP,GSM 900,LES AULNES (LA SÉGUINIÈRE ) 49400 VILLEBERNIER,49374,"47.255,-0.0233",Pylône tubulaire,30m,HIVORY,2009-11-04,False,False
544039,ORANGE,SUP,GSM 900,"A39 PK 312,27 (BOIS DE VILLERS ROBERT) 39120 VILLERS ROBERT",39571,"46.9744,5.5108",Pylône autostable,60m,Sociétés d'Autoroutes,1999-10-22,False,False
546201,ORANGE,SUP,GSM 900,"200, AV SALVADOR ALLENDE 79000 NIORT",79191,"46.3306,-0.4844",Immeuble,28m,Société Privée,2005-07-02,False,False
547039,ORANGE,SUP,GSM 900,ANCIENNE ROUTE DE BÉDARRIEUX ZAC  CROIX DE LA REILLE ENTREPRISE PONS 34500 BEZIERS,34032,"43.3644,3.2192",Pylône tubulaire,"26,5m",TOTEM,2009-03-02,False,False
548668,ORANGE,SUP,GSM 900,64 AV CHARLES DE GAULLE 12100 MILLAU,12145,"44.1103,3.0728",Bâtiment,25m,ORANGE Services Fixes,2009-03-09,False,False
550938,ORANGE,SUP,GSM 900,CHEMIN DE L'ESPÉRENCE (LA MAULUGÈRE) 28400 ARCISSES,28236,"48.3294,0.8356",Pylône tubulaire,"16,5m",TOTEM,2006-04-01,False,False
553760,ORANGE,SUP,GSM 900,CHEM D'EXPLOITATION N°100 (PENN AR VERN) 29590 PONT DE BUIS LES QUIMERCH,29302,"48.2772,-4.1172",Pylône autostable,25m,TOTEM,2006-11-18,False,False
556076,ORANGE,SUP,GSM 900,STADE MUNICIPAL PROCHE D486 (LES CHAMPS VEAUDEY) 70200 ST GERMAIN,70464,"47.7236,6.5361",Pylône tubulaire,"30,4m",TOTEM,2009-05-27,False,False
557771,ORANGE,SUP,GSM 900,A.4 - PK 400 - SENS PARIS/STRASBOURG (AIRE DE KESKASTEL OUEST) 67260 KESKASTEL,67234,"48.9731,7.0658",Pylône autostable,43m,Sociétés d'Autoroutes,2007-09-10,False,False
561778,ORANGE,ALL,5G NR 700,PIED 43110 AUREC SUR LOIRE,43012,"45.3711,4.2211",Pylône autostable,"33,4m",TDF,2025-10-27,False,False
564066,ORANGE,AJO,"LTE 700, 5G NR 2100",D359-5 CHÂTEAU D'EAU (LA CRAPOTIÈRE) 28800 MONTBOISSIER,28259,"48.2381,1.4186",Château d'eau - réservoir,35m,"Commune, communauté de communes",,False,False
571676,ORANGE,SUP,GSM 900,PROCHE D59 ET LIGNE HAUTE TENSION (LE PATUREAU DE LA GRANGE) 41200 PRUNIERS EN SOLOGNE,41185,"47.3647,1.7078",Pylône autostable,24m,TOTEM,2011-04-19,False,False
571717,ORANGE,AJO,"LTE 700, 5G NR 2100",R DES EPAGNES    95640 SANTEUIL,95584,"49.1275,1.9431",Château d'eau - réservoir,29m,"Syndicat des eaux, Adduction",,False,False
571717,ORANGE,SUP,LTE 2100,R DES EPAGNES    95640 SANTEUIL,95584,"49.1275,1.9431",Château d'eau - réservoir,29m,"Syndicat des eaux, Adduction",2020-06-11,False,False
574799,ORANGE,SUP,GSM 900,R DES HAUTS FOURNEAUX ZONE ARTISANALE LA VANIÈRE 14840 CUVERVILLE,14215,"49.1906,-0.2739",Pylône tubulaire,25m,TOTEM,2011-03-22,False,False
577652,ORANGE,ALL,5G NR 700,TOUL HOUEZAN COMPLEXE SPORTIF DE BÉGARD BOULODROME 22140 BEGARD,22004,"48.6247,-3.2967",Pylône tubulaire,30m,TOTEM,2025-10-30,False,False
578301,ORANGE,ALL,5G NR 3500,R ST ROCH (CITÉ CHANTECLAIR) 71120 CHAROLLES,71106,"46.4356,4.2683",Pylône autostable,34m,TDF,2025-10-24,False,False
579011,ORANGE,AJO,"LTE 1800, 5G NR 2100", (SAINT-CHIGNES) 46500 SAIGNES,46246,"44.7906,1.8289",Pylône autostable,45m,TDF,,False,False
580625,ORANGE,ALL,"LTE 700, 5G NR 2100",PROCHE CHEM RURAL DE LA TOMBE À VINNEUF (PLAINE DES AVAUX) 77130 MISY SUR YONNE,77293,"48.3672,3.1186",Pylône autostable,42m,TDF,2025-10-13,False,False
584481,ORANGE,SUP,GSM 900,CHEM DE VAUCHETTE - R MARCEL RINGEVAL STADE MUNICIPAL (VAUCHETTE) 59620 LEVAL,59344,"50.1833,3.8319",Pylône autostable,30m,HIVORY,2010-06-08,False,False
586310,ORANGE,SUP,GSM 900,R DE GOLHEN (MANÉ PAGÈS) 56690 LANDEVANT,56097,"47.7683,-3.1256",Château d'eau - réservoir,"48,5m","Syndicat des eaux, Adduction",2010-02-02,False,False
589075,ORANGE,SUP,"GSM 900, UMTS 900, LTE 700",R DES ARTS (LA GRANDE BORDE) 31670 LABEGE,31254,"43.5519,1.5028",Pylône tubulaire,21m,TOTEM,2003-06-17,False,False
590284,ORANGE,SUP,GSM 900,R DU POINT DU JOUR TERRAIN DE TENNIS 76160 DARNETAL,76212,"49.4456,1.1522",Pylône tubulaire,26m,TOTEM,2018-11-21,False,False
600200,ORANGE,AJO,"5G NR 700, 5G NR 3500",STATION TDF (L'OURAGNATTE - SAURON) 05260 ANCELLE,05004,"44.61,6.1728",Pylône autostable,46m,TDF,,False,False
600200,ORANGE,SUP,LTE 700,STATION TDF (L'OURAGNATTE - SAURON) 05260 ANCELLE,05004,"44.61,6.1728",Pylône autostable,46m,TDF,2021-06-01,False,False
603607,ORANGE,SUP,GSM 900,RTE DU CHATEAU (LE CHATEAU ST PIERRE) 87120 EYMOUTIERS,87064,"45.7322,1.7525",Pylône autostable,44m,TDF,1998-02-20,False,False
605228,ORANGE,ALL,"5G NR 700, 5G NR 3500",HAMEAU DE LINOD 01260 VALROMEY SUR SERAN,01036,"45.8819,5.6797",Pylône autostable,27m,TOTEM,2025-10-27,False,False
606242,ORANGE,SUP,GSM 900,R LA BRUYÈRE ADM : 98 R DES TUILLIÈRES 87280 LIMOGES,87085,"45.8503,1.2511",Immeuble,19m,"Copropriété, Syndic, SCI",2004-12-11,False,False
608596,ORANGE,SUP,GSM 900,RTE DE VILLENEUVE HOP (ST ESPRIT) 47000 AGEN,47001,"44.2167,0.6356",Bâtiment,57m,Établissement de soins,1992-11-06,False,False
614794,ORANGE,AJO,"5G NR 700, 5G NR 3500",AV DU GÉNÉRAL DE GAULLE CH D'EAU 62610 ARDRES,62038,"50.8508,1.9783",Château d'eau - réservoir,34m,"Commune, communauté de communes",,False,False
614862,ORANGE,ALL,"5G NR 700, 5G NR 3500",TERRAIN COMMUNAL INTERSECTION A13/RD30 (BOIS DE PONCY) 78240 AIGREMONT,78007,"48.9022,2.0047",Pylône autostable,25m,ORANGE,2025-10-20,False,False
617952,ORANGE,SUP,GSM 900,R DU COUËDIC 8 ESPL. FRANCOIS MITTERRAND ECOLE SUPÉRIEUR D'ARTS (EESAB) 29000 QUIMPER,29232,"47.9958,-4.11",Bâtiment,"23,2m","Commune, communauté de communes",2000-02-18,False,False
619888,ORANGE,SUP,GSM 900,RÉSERVOIR ROUTE DES ECOLES PRÈS D.940 (PLAINE DE FLOCQUES) 76910 CRIEL SUR MER,76192,"50.0294,1.3506",Château d'eau - réservoir,20m,"Syndicat des eaux, Adduction",2010-09-29,False,False
622688,ORANGE,SUP,GSM 900,R LÉO LAGRANGE PARC DES SPORTS DE SAPIAC 82000 MONTAUBAN,82121,"44.0111,1.3522",Pylône tubulaire,24m,TOTEM,2006-02-23,False,False
623074,ORANGE,ALL,5G NR 700,CHÂTEAU D'EAU R DE PATAY 28310 JANVILLE EN BEAUCE,28199,"48.1972,1.8803",Château d'eau - réservoir,38m,"Commune, communauté de communes",2025-10-27,False,False
627903,ORANGE,SUP,"GSM 900, UMTS 900, LTE 700",32 R DE TAUZIA HOTEL 33800 BORDEAUX,33063,"44.83,-0.5594",Immeuble,21m,Société Privée,2013-07-05,False,False
629207,ORANGE,SUP,"GSM 900, UMTS 900",25 R CHANTECRIT RÉSIDENCE E. DELORD 33800 BORDEAUX,33063,"44.8594,-0.5589",Immeuble,20m,Société HLM,1997-08-08,False,False
636903,ORANGE,SUP,GSM 900,PRÈS D1 (LES VILLES TANETS) 22120 YFFINIAC,22389,"48.4597,-2.7092",Pylône autostable,27m,TOTEM,2011-01-24,False,False
636964,ORANGE,SUP,GSM 900,COMPLEXE SPORTIF (KER JEAN) 56620 CLEGUER,56040,"47.8561,-3.3864",Pylône tubulaire,20m,TOTEM,2005-03-16,False,False
638321,ORANGE,ALL,LTE 700,ROUTE D' EPUISAY VOIE COMMUNALE N°5 (LE CARREFOUR) 41360 SAVIGNY SUR BRAYE,41238,"47.8758,0.8292",Pylône autostable,30m,TOTEM,2025-10-22,False,False
638405,ORANGE,SUP,GSM 900,R DU SIDOBRE CENTRAL TÉLÉPHONIQUE 81100 CASTRES,81065,"43.6167,2.2694",Bâtiment,22m,ORANGE Services Fixes,2001-09-07,False,False
638412,ORANGE,SUP,GSM 900,"42/44,AVE FRANÇOIS MITTERAND 81100 CASTRES",81065,"43.5928,2.25",Immeuble,32m,Société HLM,2001-06-08,False,False
643558,ORANGE,SUP,"GSM 900, UMTS 900, LTE 700, LTE 800, LTE 1800, LTE 2100, 5G NR 2100",LA FERME DE SCAY (MONT DANNERU) 08400 SEMIDE,08410,"49.3125,4.5533",Pylône autostable,43m,TDF,2024-12-02,False,False
646301,ORANGE,SUP,GSM 900,140 AV DU GL LECLERC 54100 NANCY,54395,"48.6781,6.1786",Immeuble,30m,Société Privée,2003-10-18,False,False
663407,ORANGE,SUP,"GSM 900, UMTS 900, LTE 700",R DE LA MOGÈRE A.9 - SORTIE MONTPELLIER EST (RASTOUBLE) 34090 MONTPELLIER,34172,"43.6053,3.9283",Pylône autostable,17m,TOTEM,1997-06-27,False,False
663438,ORANGE,SUP,"GSM 900, UMTS 900","119, R DE LA RAUZE BASSE (LA RAUZE BASSE) 34090 MONTPELLIER",34172,"43.5917,3.9028",Immeuble,17m,Particulier,1997-11-21,False,False
663681,ORANGE,AJO,"LTE 2100, 5G NR 3500",RTE DE POIRIER DE GISSAC (POIRIER) 97180 STE ANNE,97128,"16.2436,-61.3694",Pylône autostable,27m,ORANGE,,False,False
663681,ORANGE,SUP,LTE 2600,RTE DE POIRIER DE GISSAC (POIRIER) 97180 STE ANNE,97128,"16.2436,-61.3694",Pylône autostable,27m,ORANGE,,False,False
663727,ORANGE,AJO,"LTE 2100, 5G NR 3500",R DE LAURÉAL - R.N. 5 CHÂTEAU D'EAU DE MOREL (MOREL) 97160 LE MOULE,97117,"16.3292,-61.3328",Château d'eau - réservoir,29m,"Syndicat des eaux, Adduction",,False,False
667871,ORANGE,ALL,LTE 2100,RUE DU GAL DE GAULLE (EGLISE) 35360 MONTAUBAN DE BRETAGNE,35184,"48.1992,-2.0478",Monument religieux,35m,"Commune, communauté de communes",2025-10-20,False,False
668549,ORANGE,AJO,LTE 2100,RTE DE CABASSOU - D.2 (CABASSOU) 97354 REMIRE MONTJOLY,97309,"4.8917,-52.3042",Pylône autostable,42m,ORANGE,,False,False
668935,ORANGE,SUP,GSM 900,R FRITZ KIEFFER LYCÉE KLEBER 67200 STRASBOURG,67482,"48.5944,7.7531",Bâtiment,36m,Conseil Régional,1996-10-31,False,False
669822,ORANGE,SUP,"GSM 900, UMTS 900, LTE 700","39, R PEYROLIÈRES 31500 TOULOUSE",31555,"43.6017,1.4406",Immeuble,"23,6m","Copropriété, Syndic, SCI",1996-12-06,False,False
670698,ORANGE,ALL,5G NR 3500,"53, R ANTOINE SIGER 97234 FORT DE FRANCE",97209,"14.605,-61.0714",Immeuble,19m,Société Privée,2025-10-27,False,False
672980,ORANGE,ALL,"5G NR 700, 5G NR 3500",CHEM RURAL (LOH) 67470 MOTHERN,67305,"48.9269,8.1522",Pylône autostable,32m,TOTEM,2025-10-21,False,False
672986,ORANGE,AJO,5G NR 3500,RIVIERE ST DENIS (FONDS CACAO) 97130 CAPESTERRE BELLE EAU,97107,"16.0436,-61.5922",Pylône autostable,30m,ORANGE,,False,False
672986,ORANGE,SUP,LTE 2600,RIVIERE ST DENIS (FONDS CACAO) 97130 CAPESTERRE BELLE EAU,97107,"16.0436,-61.5922",Pylône autostable,30m,ORANGE,,False,False
674135,ORANGE,ALL,LTE 700,PROCHE RSVOIR (BLANC FAING) 88530 LE THOLY,88470,"48.0925,6.7172",Pylône autostable,40m,HIVORY,2025-10-29,False,False
690124,ORANGE,AJO,5G NR 3500,RÉSERVOIR D'ASPERSION LA CURNERIE - D.4 (L'ADRECH) 05110 CURBANS,04066,"44.4128,6.0178",Pylône autostable,20m,HIVORY,,False,False
691195,ORANGE,SUP,GSM 900,ANGLE R JEAN VAY ET R DE PIERRE CENTRAL TÉLÉPHONIQUE (LE CLOU BOUCHET) 79000 NIORT,79191,"46.3186,-0.4794",Bâtiment,30m,ORANGE Services Fixes,1995-05-05,False,False
693143,ORANGE,SUP,GSM 900,RD 953 SORTIE A23 HASNON (LES MARAIS) 59178 HASNON,59284,"50.4178,3.4058",Pylône tubulaire,38m,HIVORY,2008-08-27,False,False
697064,ORANGE,ALL,5G NR 700,D77 CHEM RURAL DE QUIBOU À ST EBREMOND (LA HAUTE MESLERAYE) 50750 CANISY,50095,"49.0633,-1.1744",Pylône autostable,"30,5m",TOTEM,2025-10-20,False,False
701669,ORANGE,ALL,"LTE 1800, 5G NR 2100", (JARJAVEL) 24380 GRUN BORDAS,24208,"45.0303,0.6197",Pylône autostable,"49,4m",TDF,2025-10-21,False,False
702739,ORANGE,SUP,GSM 900,R DES CHAFFAUDS STADE FREMUR 49100 ANGERS,49007,"47.4569,-0.5583",Pylône tubulaire,27m,HIVORY,2024-05-31,False,False
704004,ORANGE,SUP,GSM 900,R PIERRE MAC ORLAN ADMIN : R ANDRÉ CHÉNIER ANCIEN STADE DE FOOT J. LE JEUNE 71100 CHALON SUR SAONE,71076,"46.8056,4.84",Pylône tubulaire,25m,"Commune, communauté de communes",2006-05-06,False,False
704506,ORANGE,SUP,GSM 900,R DE GENIEC (LE CHIRON PRÉVOST) 86000 POITIERS,86194,"46.5764,0.3894",Château d'eau - réservoir,66m,"Commune, communauté de communes",2012-06-28,False,False
719103,ORANGE,SUP,GSM 900,PETITE RUE DE L'ÉGLISE EGLISE 76350 OISSEL,76484,"49.3386,1.0911",Monument religieux,"41,7m","Commune, communauté de communes",2018-02-12,False,False
723345,ORANGE,ALL,LTE 700,D 89 CHATEAU D'EAU (LE BEL AIR) 27680 TROUVILLE LA HAULE,27665,"49.3989,0.5939",Château d'eau - réservoir,"56,2m","Syndicat des eaux, Adduction",2025-10-30,False,False
724345,ORANGE,AJO,"LTE 700, LTE 1800, 5G NR 2100",CHEM MARCHAND DE VILLAGRAINS À CASTRES GDE PRÈS D 219 (CANTEGRIT) 33650 CABANAC ET VILLAGRAINS,33077,"44.5861,-0.5681",Pylône autostable,40m,HIVORY,,False,False
726343,ORANGE,AJO,5G NR 2100, (FERME DES DRAYES) 26420 VASSIEUX EN VERCORS,26364,"44.8892,5.3575",Pylône autostable,"27,2m",TDF,,False,False
731831,ORANGE,SUP,GSM 900,29 AV PIERRE MENDES FRANCE PFME MONOD CENTRRE HOSPITALIER 76290 MONTIVILLIERS,76447,"49.5258,0.185",Bâtiment,40m,Établissement de soins,2010-07-21,False,False
750253,ORANGE,SUP,GSM 900,13 AV DES PEUPLIERS 35510 CESSON SEVIGNE,35051,"48.1122,-1.6067",Pylône tubulaire,22m,TOTEM,2004-10-16,False,False
754492,ORANGE,SUP,GSM 900,R DU COMMANDANT AUBREY 03300 CREUZIER LE VIEUX,03094,"46.1628,3.4125",Pylône autostable,28m,TOTEM,2000-03-28,False,False
763983,ORANGE,SUP,GSM 900,R DES JONCHETS STADE DE LA GUÉRINIÈRE 14123 CORMELLES LE ROYAL,14181,"49.1636,-0.3361",Pylône tubulaire,25m,TOTEM,2019-08-31,False,False
764655,ORANGE,SUP,GSM 900,1 AV DU HAUT CRÉPON  14200 HEROUVILLE ST CLAIR,14327,"49.2089,-0.3358",Fût,68m,"Commune, communauté de communes",2008-04-11,False,False
766441,ORANGE,AJO,"LTE 1800, 5G NR 2100", (LE HAUT COURBY) 19800 EYREIN,19081,"45.3203,1.9442",Pylône autostable,52m,TOTEM,,False,False
766455,ORANGE,SUP,GSM 900,"104 B , R EDOUARD VAILLANT 18100 VIERZON",18279,"47.2378,2.0603",Bâtiment,16m,Particulier,2006-06-13,False,False
766459,ORANGE,ALL,5G NR 700,CHEM RURAL ADM. : LE BOIS LELU (CHAMPS DE DERRIÈRE) 18200 ST AMAND MONTROND,18197,"46.7417,2.5353",Pylône autostable,64m,TDF,2025-10-16,False,False
766754,ORANGE,SUP,GSM 900,11 R JEAN JAURES 19000 TULLE,19272,"45.265,1.7694",Immeuble,34m,Société Privée,2013-02-08,False,False
766774,ORANGE,SUP,GSM 900,14 AV DU PRÉSIDENT ROOSEVELT 19100 BRIVE LA GAILLARDE,19031,"45.1586,1.5281",Immeuble,25m,"Copropriété, Syndic, SCI",2000-12-01,False,False
766779,ORANGE,SUP,GSM 900,57 R DU COLONEL VAUJOUR 19100 BRIVE LA GAILLARDE,19031,"45.1597,1.4992",Immeuble,35m,Société HLM,2000-12-01,False,False
767905,ORANGE,SUP,GSM 900,AV LÉO LAGRANGE STADIUM 19100 BRIVE LA GAILLARDE,19031,"45.1611,1.5481",Pylône autostable,35m,ORANGE,2007-03-03,False,False
768820,ORANGE,SUP,GSM 900,14 R DE CHOREY 21200 BEAUNE,21054,"47.0283,4.8436",Monument religieux,21m,Association,2021-08-09,False,False
770949,ORANGE,SUP,GSM 900,R JACQUES BREL HLM PAGOT - BÂT.D (BEAULIEU) 24660 COULOUNIEIX CHAMIERS,24138,"45.1786,0.6919",Immeuble,18m,Société HLM,2003-05-19,False,False
770990,ORANGE,SUP,GSM 900,66 BLD DU PUYROUSSEAU 24000 PERIGUEUX,24322,"45.195,0.7089",Immeuble,20m,"Copropriété, Syndic, SCI",2005-01-01,False,False
772384,ORANGE,SUP,GSM 900,CHAUSSÉE DE PARIS LE CLOS MORLET 27400 LOUVIERS,27375,"49.2058,1.1919",Pylône tubulaire,13m,TOTEM,2004-03-20,False,False
772421,ORANGE,SUP,GSM 900,SITE TDF (LES CHAMPS RIOU) 27190 LA BONNEVILLE SUR ITON,27082,"48.9933,1.0325",Pylône autostable,28m,TDF,2020-05-18,False,False
773047,ORANGE,SUP,GSM 900,CHEM DE LA MARRE AUX BOIS (LES MONTS GALLETS) 28630 LE COUDRAY,28110,"48.4158,1.5047",Pylône autostable,24m,TOTEM,2005-05-07,False,False
775818,ORANGE,SUP,GSM 900,2500 CHEM DE CAMPLANIER 30900 NIMES,30189,"43.8489,4.3178",Pylône tubulaire,12m,TOTEM,2006-09-23,False,False
775823,ORANGE,SUP,GSM 900,1754 AV PIERRE MENDES FRANCE (LE VAL ST-JEAN) 30900 NIMES,30189,"43.8167,4.3911",Pylône autostable,21m,TOTEM,2006-01-28,False,False
776384,ORANGE,SUP,"GSM 900, UMTS 900, LTE 700",23 CHEM DES CAPELLES ECOLE NATIONALE VÉTÉRINAIRE 31500 TOULOUSE,31555,"43.5997,1.3831",Bâtiment,24m,"État, Ministère",1997-01-06,False,False
776388,ORANGE,SUP,"GSM 900, UMTS 900, LTE 700",39 ALLÉES JULES GUESDES 31500 TOULOUSE,31555,"43.5947,1.4508",Immeuble,18m,"Commune, communauté de communes",2018-04-27,False,False
776398,ORANGE,SUP,"GSM 900, UMTS 900, LTE 700","36, BD  DE LA GARE 31500 TOULOUSE",31555,"43.6061,1.4569",Immeuble,"36,5m",Société HLM,1997-05-09,False,False
776404,ORANGE,SUP,"GSM 900, UMTS 900, LTE 700","5, R DOULADOURE 31500 TOULOUSE",31555,"43.5483,1.4019",Pylône tubulaire,"21,2m",TOTEM,1997-01-24,False,False
778828,ORANGE,AJO,"LTE 700, LTE 1800, 5G NR 2100",R DES GRENOUILLÈRES (LES GRENOUILLÈRES) 71620 ST MARTIN EN BRESSE,71456,"46.8203,5.0606",Pylône autostable,26m,TOTEM,,False,False
778828,ORANGE,SUP,LTE 2100,R DES GRENOUILLÈRES (LES GRENOUILLÈRES) 71620 ST MARTIN EN BRESSE,71456,"46.8203,5.0606",Pylône autostable,26m,TOTEM,2023-01-17,False,False
779885,ORANGE,AJO,"LTE 700, 5G NR 2100",13 R. DU STADE STÉ DIMEP 39300 SIROD,39517,"46.73,5.9819",Pylône autostable,21m,TOTEM,,False,False
779885,ORANGE,SUP,LTE 2100,13 R. DU STADE STÉ DIMEP 39300 SIROD,39517,"46.73,5.9819",Pylône autostable,21m,TOTEM,2023-07-21,False,False
780005,ORANGE,SUP,"GSM 900, UMTS 900, LTE 700",10 R SALVATORE ALLENDE 33400 TALENCE,33522,"44.7883,-0.5889",Pylône autostable,42m,Société Privée,2012-02-22,False,False
781464,ORANGE,SUP,GSM 900,15 R DES CYGNES CITÉ DES OISEAUX (PECH DES MOULINS) 34500 BEZIERS,34032,"43.3489,3.2081",Immeuble,"17,7m",Société HLM,1997-05-02,False,False
781553,ORANGE,SUP,"GSM 900, UMTS 900, LTE 700","2, RUE SAINT EXUPÉRY 34430 ST JEAN DE VEDAS",34270,"43.5617,3.8483",Pylône autostable,24m,TOTEM,1998-02-20,False,False
785722,ORANGE,SUP,GSM 900,D436 (SOUS ST BLAISE) 39200 ST CLAUDE,39478,"46.3778,5.8481",Pylône tubulaire,20m,TOTEM,2006-05-13,False,False
789696,ORANGE,SUP,GSM 900,PL DE L' EGLISE EGLISE (CLER) 44360 VIGNEUX DE BRETAGNE,44217,"47.3267,-1.7375",Monument religieux,44m,"Commune, communauté de communes",2005-12-24,False,False
792173,ORANGE,AJO,"LTE 700, 5G NR 2100",CHEM COMMUNAL DE NISSOLS (LE COUTAL) 12300 BOUILLAC,12030,"44.5725,2.1964",Pylône autostable,33m,TOTEM,,False,False
793376,ORANGE,SUP,GSM 900,PARC D'ACTIVITÉS DU PLAT CHEMIN (ZA DU PLAT CHEMIN) 50470 CHERBOURG EN COTENTIN,50129,"49.6625,-1.6881",Pylône tubulaire,30m,HIVORY,2024-03-21,False,False
793590,ORANGE,SUP,GSM 900,R NATIONALE 49300 CHOLET,49099,"47.0622,-0.8803",Immeuble,"19,5m",ORANGE,2021-10-11,False,False
794029,ORANGE,AJO,"LTE 700, 5G NR 2100",TERREFORT ECOLE NATIONALE D EQUITATION 49400 SAUMUR,49328,"47.2631,-0.1325",Pylône tubulaire,34m,HIVORY,,False,False
794029,ORANGE,SUP,LTE 2100,TERREFORT ECOLE NATIONALE D EQUITATION 49400 SAUMUR,49328,"47.2631,-0.1325",Pylône tubulaire,34m,HIVORY,2019-11-20,False,False
798512,ORANGE,AJO,"LTE 1800, 5G NR 700, 5G NR 3500",CHEM D'EXPLOITATION (HURTIGHEIMER STRASSE) 67370 STUTZHEIM OFFENHEIM,67485,"48.6267,7.6158",Pylône autostable,33m,TOTEM,,False,False
800268,ORANGE,SUP,GSM 900,RTE DE LA GARE D 29 76640 FOUCART,76279,"49.6119,0.605",Château d'eau - réservoir,47m,"Syndicat des eaux, Adduction",1997-09-26,False,False
802901,ORANGE,SUP,GSM 900,R DE L'EUROPE Z I DE PULVENTEUX 54400 LONGWY,54323,"49.5164,5.7536",Pylône tubulaire,25m,ORANGE,2007-01-20,False,False
803658,ORANGE,SUP,GSM 900, (BUTTE DE MONTIGNY) 60117 RUSSY BEMONT,60561,"49.2378,2.9286",Pylône tubulaire,32m,"Copropriété, Syndic, SCI",2007-08-22,False,False
804241,ORANGE,SUP,GSM 900,CHEM RURAL ANCIENNE USINE DE FONTOY (SITE DE LA PAIX) 57650 FONTOY,57226,"49.3469,6.0308",Pylône autostable,"26,3m",TOTEM,2007-02-12,False,False
804726,ORANGE,SUP,GSM 900,R DES CHÊNES (PETIT KINDELBERG) 57230 BITCHE,57089,"49.0494,7.4367",Pylône tubulaire,24m,TOTEM,2007-04-17,False,False
806157,ORANGE,SUP,GSM 900,VIEUX CHEM DE CARNIERES SNCF GARE ANNEXE 59400 CAMBRAI,59122,"50.1722,3.2575",Pylône autostable,30m,SNCF Réseau,2005-11-25,False,False
807379,ORANGE,SUP,GSM 900,DÉPARTEMENTAL D246 (BOIS VIMEUX) 62185 FRETHUN,62360,"50.9244,1.8344",Pylône autostable,32m,TOTEM,2005-07-23,False,False
807430,ORANGE,SUP,GSM 900,BD  EURVIN STADE DE LA LIBÉRATION 62200 BOULOGNE SUR MER,62160,"50.7242,1.6197",Pylône tubulaire,"30,8m","Commune, communauté de communes",2018-01-10,False,False
807814,ORANGE,SUP,"GSM 900, UMTS 900, LTE 700, LTE 800, LTE 1800, LTE 2100, LTE 2600, 5G NR 700, 5G NR 3500",BD MAYOL DE SENILLOSA 64200 BIARRITZ,64122,"43.4864,-1.5436",Pylône tubulaire,23m,TOTEM,2021-06-30,False,False
808515,ORANGE,SUP,"GSM 900, UMTS 900, LTE 700",24 BD MARCEL DASSAULT 64200 BIARRITZ,64122,"43.4717,-1.5353",Immeuble,"19,6m",Société Privée,2004-04-10,False,False
808588,ORANGE,SUP,"GSM 900, UMTS 900, LTE 700",14 IMP MUSKOA 64500 CIBOURE,64189,"43.3875,-1.6717",Immeuble,"15,7m","Copropriété, Syndic, SCI",1999-02-19,False,False
809022,ORANGE,SUP,GSM 900,27 ROBERT DE COTTE 66100 PERPIGNAN,66136,"42.6947,2.9217",Immeuble,22m,"Copropriété, Syndic, SCI",2001-02-16,False,False
809956,ORANGE,ALL,5G NR 3500,23B R DES PETITS CHAMPS HLM LA STRASBOURGEOISE 67300 SCHILTIGHEIM,67447,"48.6047,7.7553",Immeuble,35m,Société HLM,2025-10-24,False,False
810020,ORANGE,AJO,"5G NR 700, 5G NR 3500",R DE LA CHAPELLE D 10 67390 MARCKOLSHEIM,67281,"48.16,7.5375",Château d'eau - réservoir,47m,"Syndicat des eaux, Adduction",,False,False
810020,ORANGE,SUP,LTE 700,R DE LA CHAPELLE D 10 67390 MARCKOLSHEIM,67281,"48.16,7.5375",Château d'eau - réservoir,47m,"Syndicat des eaux, Adduction",2023-07-18,False,False
811669,ORANGE,ALL,5G NR 700,PARKING VESTIAIRE SUD - BD DES TURFISTES (PARC DE PARILLY) 69200 VENISSIEUX,69259,"45.7158,4.8967",Pylône tubulaire,21m,TOTEM,2025-10-27,False,False
813647,ORANGE,AJO,"LTE 700, 5G NR 700, 5G NR 3500",5 R BARBETTE 75003 PARIS 03,75103,"48.8586,2.3611",Immeuble,25m,Société Privée,,False,False
814350,ORANGE,SUP,"GSM 900, UMTS 900, LTE 700",15 BD  ST DENIS 75002 PARIS 02,75102,"48.8692,2.3533",Immeuble,"26,8m",Société Privée,2004-12-11,False,False
814378,ORANGE,SUP,"GSM 900, UMTS 900, LTE 700",1 R MANSART 75009 PARIS 09,75109,"48.8819,2.3336",Immeuble,24m,"Copropriété, Syndic, SCI",2017-11-27,False,False
815091,ORANGE,SUP,GSM 900,RAFFINERIE DE PORT JEROME ENTRÉE DE THEULET 76330 PORT JEROME SUR SEINE,76476,"49.4803,0.5692",Pylône autostable,30m,TOTEM,2002-12-14,False,False
815589,ORANGE,SUP,GSM 900,AV BETTENCOURT JARDIN DES OUVRIERS 76170 LILLEBONNE,76384,"49.5297,0.5311",Pylône autostable,26m,TOTEM,1996-06-07,False,False
817458,ORANGE,AJO,5G NR 2100,PYLONE TDF (PECH DE GLORIO) 82160 CAYLUS,82038,"44.2306,1.7867",Pylône autostable,34m,TDF,,False,False
819530,ORANGE,SUP,GSM 900,28/30 R JULES NORIAC 87280 LIMOGES,87085,"45.8347,1.2575",Bâtiment,"28,5m",ORANGE Services Fixes,1995-05-05,False,False
819532,ORANGE,SUP,GSM 900,2 AV MARTIN LUTHER KING CHU DUPUYTRENS 87280 LIMOGES,87085,"45.8119,1.2361",Bâtiment,49m,Établissement de soins,2000-11-29,False,False
819572,ORANGE,SUP,GSM 900,33 AV. GEORGES DUMAS 87280 LIMOGES,87085,"45.8264,1.265",Immeuble,25m,"Copropriété, Syndic, SCI",1997-12-26,False,False
819945,ORANGE,SUP,GSM 900,R MARIE BERNARD LEZEAUD CHÂTEAU D'EAU DE LA GRANGE (PUY MAROT) 87220 FEYTIAT,87065,"45.8217,1.3419",Château d'eau - réservoir,40m,"Syndicat des eaux, Adduction",1998-12-30,False,False
819969,ORANGE,SUP,GSM 900,4 R DE TOURCOING 87280 LIMOGES,87085,"45.8114,1.2669",Pylône tubulaire,24m,TOTEM,2000-12-01,False,False
820004,ORANGE,SUP,GSM 900,9 R DES FOURNERIES ZI NORD 87270 COUZEIX,87050,"45.8669,1.2653",Pylône tubulaire,38m,TDF,2003-10-18,False,False
820012,ORANGE,SUP,GSM 900,"95, R DU QUAI MILITAIRE R DU DR RAYMOND (LES AUDOUINES) 87280 LIMOGES",87085,"45.8481,1.2842",Immeuble,19m,Société HLM,2005-08-13,False,False
820057,ORANGE,SUP,GSM 900,1009 AVE CLÉMENCEAU STADE MUNICIPAL (CALOUCHE) 88800 VITTEL,88516,"48.1947,5.9358",Pylône tubulaire,20m,TOTEM,2007-10-19,False,False
827385,ORANGE,ALL,LTE 700,D23 LA PRAIE (LES CHAMPS DE CHEVAUX) 90400 MEROUX MOVAL,90068,"47.5914,6.9161",Pylône tubulaire,30m,TOTEM,2025-10-30,False,False
831643,ORANGE,SUP,GSM 900,CHEM D'EXPLOITATION N° 22 DES SIX CAMPS CHÂTEAU D'EAU (LA VALLÉE PALLA) 50430 LESSAY,50267,"49.2133,-1.5089",Château d'eau - réservoir,38m,"Syndicat des eaux, Adduction",2011-06-30,False,False
848792,ORANGE,SUP,GSM 900,ROUTE DES NOYES ZI LES NOYES (LES GRANDES NOYES) 70300 FROIDECONCHE,70258,"47.8242,6.3994",Pylône tubulaire,26m,TOTEM,2012-06-30,False,False
854270,ORANGE,SUP,GSM 900,R DE ZYCKELIN TERRAIN NU COMMUNAL SERVICES TECHNIQUES 59492 HOYMILLE,59319,"50.9681,2.4544",Pylône tubulaire,25m,TOTEM,2020-01-07,False,False
868845,ORANGE,SUP,GSM 900,GRANDE RUE - RD126 (BAS DU LAINE) 25420 DAMPIERRE SUR LE DOUBS,25191,"47.4736,6.7256",Pylône autostable,25m,SNCF Réseau,2013-07-19,False,False
879554,ORANGE,SUP,GSM 900,R DES QUATRE FILLES - D112 28230 EPERNON,28140,"48.5936,1.6867",Pylône autostable,58m,TOTEM,2011-11-17,False,False
882920,ORANGE,SUP,GSM 900,ANGLE R DE PATAY/R DU FAUBOURG BANNIER 45100 ORLEANS,45234,"47.9092,1.9008",Bâtiment,17m,"Copropriété, Syndic, SCI",2004-11-05,False,False
897994,ORANGE,AJO,"LTE 700, 5G NR 2100",R DU CHATEAU D'EAU (CHARTIN) 52200 CHAMPIGNY LES LANGRES,52102,"47.89,5.3506",Château d'eau - réservoir,"29,1m","Commune, communauté de communes",,False,False
897994,ORANGE,SUP,LTE 2100,R DU CHATEAU D'EAU (CHARTIN) 52200 CHAMPIGNY LES LANGRES,52102,"47.89,5.3506",Château d'eau - réservoir,"29,1m","Commune, communauté de communes",2024-01-17,False,False
908551,ORANGE,AJO,5G NR 2100,LES CRAYS DE COLLONGES RTE DE BEAUME D 973 (CRÊTS DE COLLONGES) 71400 CURGY,71162,"46.9814,4.3947",Pylône autostable,"34,5m",TDF,,False,False
917055,ORANGE,SUP,GSM 900,R. ALEXANDRE VIALATTE PRÈS RD.673 ZI LES EPENOTTES PYLÔNE RTE 220 (LA CORNE AU VERJUS) 39100 DOLE,39198,"47.1103,5.5022",Pylône tubulaire,29m,RTE,2023-03-24,False,False
92088,ORANGE,SUP,"GSM 900, UMTS 900, LTE 700",79 ALL CHARLES DE FITTE 31500 TOULOUSE,31555,"43.5989,1.43",Immeuble,29m,Société HLM,1996-07-05,False,False
92308,ORANGE,SUP,"GSM 900, UMTS 900, LTE 700",23 BD MATABIAU 31500 TOULOUSE,31555,"43.615,1.4456",Immeuble,40m,"Copropriété, Syndic, SCI",1997-07-18,False,False
933271,ORANGE,SUP,GSM 900, (LE HAUT DE VILLIERS) 54240 JOEUF,54280,"49.2311,6.0186",Pylône autostable,30m,TOTEM,2011-12-10,False,False
96426,ORANGE,AJO,"LTE 700, 5G NR 2100", (LA PAUZE) 42660 ST GENEST MALIFAUX,42224,"45.3447,4.4736",Pylône autostable,18m,TOTEM,,False,False
96426,ORANGE,SUP,LTE 2100, (LA PAUZE) 42660 ST GENEST MALIFAUX,42224,"45.3447,4.4736",Pylône autostable,18m,TOTEM,2020-06-05,False,False
96550,ORANGE,ALL,5G NR 2100, (CHEZ PIPE) 42310 LA PACAUDIERE,42163,"46.1747,3.8631",Immeuble,18m,Société HLM,2025-10-21,False,False
974504,ORANGE,SUP,GSM 1800,7 AVENUE PIERRE MENDES FRANCE (LA CROIX ST LAMBERT) 22000 ST BRIEUC,22278,"48.4981,-2.7411",Immeuble,"23,6m",Société Privée,2012-07-26,False,False
