id_support,operateur,technologie,adresse,code_insee,coordonnees,type_support,hauteur_support,proprietaire_support,date_activ,action,infos,is_zb,is_new
1535270,SFR,5G NR 2100,KERJOIE 56500 BIGNAN,56017,"47.8814,-2.7819",Pylône autostable,"33,6m",ATC FRANCE,2026-01-27,ALL,,False,False
1562053,SFR,"LTE 700, LTE 1800, LTE 2100",PRÉ DU FRAGE ETANG DU VEUILLIN (LA MAISON ROUGE) 18150 APREMONT SUR ALLIER,18007,"46.9269,3.0444",Pylône autostable,35m,HIVORY,2026-01-27,ALL,,False,False
1593074,SFR,LTE 700,ALLÉE DE LA PLIERE (LA PLIÈRE) 87270 BONNAC LA COTE,87020,"45.9342,1.2775",Pylône autostable,"35,5m",HIVORY,2026-01-27,ALL,,False,False
1605369,SFR,"LTE 700, LTE 2100, 5G NR 2100, 5G NR 3500",20 RUE EUGENE BOUDIN 14360 TROUVILLE SUR MER,14715,"49.3611,0.0939",Immeuble,23m,Société HLM,2026-01-27,ALL,,False,False
1653621,SFR,LTE 700, (VERPIERRE) 42630 REGNY,42181,"46.0014,4.2278",Pylône autostable,"27,8m",HIVORY,,AJO,,False,False
1658107,SFR,"UMTS 2100, LTE 1800, LTE 2600",61 RUE DES 3 FRERES 75018 PARIS 18,75118,"48.8856,2.3381",Bâtiment,"14,5m",Particulier,2016-06-03,SUP,,False,False
1669456,SFR,,901 R DE LA GENEY 27310 FLANCOURT CRESCY EN ROUMOIS,27085,"49.3086,0.8031",Pylône autostable,36m,ATC FRANCE,2022-05-18,CHH,32m,False,False
1684146,SFR,"GSM 900, UMTS 900, LTE 800, LTE 1800",CHEMIN D'ALLEMANE (MOUN DOU BERN) 40465 PONTONX SUR L ADOUR,40230,"43.7722,-0.9689",Pylône autostable,42m,HIVORY,2026-01-23,ALL,,False,True
1684146,SFR,"LTE 700, LTE 2100, LTE 2600, 5G NR 2100",CHEMIN D'ALLEMANE (MOUN DOU BERN) 40465 PONTONX SUR L ADOUR,40230,"43.7722,-0.9689",Pylône autostable,42m,HIVORY,,SUP,,False,True
1704650,SFR,UMTS 900, (LA ROCHE AUX FÉES) 74420 SAXEL,74261,"46.2389,6.3864",Pylône tubulaire,12m,ATC FRANCE,2026-01-23,ALL,,True,False
1704650,SFR,UMTS 2100, (LA ROCHE AUX FÉES) 74420 SAXEL,74261,"46.2389,6.3864",Pylône tubulaire,12m,ATC FRANCE,2017-03-24,SUP,,True,False
1715836,SFR,"LTE 700, LTE 2100, 5G NR 2100", (LA GARDE) 42940 ST BONNET LE COURREAU,42205,"45.6586,3.9419",Pylône autostable,27m,HIVORY,2026-01-27,ALL,,False,False
1719920,SFR,LTE 700, (LA GATÉ) 28330 LA BAZOCHE GOUET,28027,"48.1464,0.965",Château d'eau - réservoir,40m,"Syndicat des eaux, Adduction",2026-01-27,ALL,,False,False
1722518,SFR,UMTS 2100, (BOIS D'ANTHY) 74200 THONON LES BAINS,74281,"46.3483,6.45",Pylône autostable,"33,8m",HIVORY,2026-01-23,ALL,,False,False
1724819,SFR,"GSM 900, UMTS 900",AV JEAN BIRAY GARE SNCF 64000 PAU,64445,"43.2914,-0.3711",Pylône autostable,"26,5m",SNCF Réseau,1997-12-19,SUP,,False,False
1751960,SFR,LTE 700,ANCIENNE ROUTE DE SAINT-CLAUDE (MILIERE BOURGEOISE) 39130 CHATEL DE JOUX,39118,"46.5261,5.7947",Pylône autostable,"25,4m",HIVORY,2026-01-23,ALL,,False,False
1763402,SFR,LTE 2100,58 DÉPARTEMENTALE (L'ESSART) 17100 LA CHAPELLE DES POTS,17089,"45.7622,-0.5306",Pylône autostable,"37,6m",HIVORY,2026-01-23,ALL,,False,False
1763402,SFR,UMTS 2100,58 DÉPARTEMENTALE (L'ESSART) 17100 LA CHAPELLE DES POTS,17089,"45.7622,-0.5306",Pylône autostable,"37,6m",HIVORY,2016-11-23,SUP,,False,False
1784905,SFR,"LTE 700, LTE 2100, 5G NR 2100",CHEM DES PHILIPPONS QUARTIER LES GIERIS 83600 LES ADRETS DE L ESTEREL,83001,"43.5272,6.8386",Pylône autostable,15m,HIVORY,,AJO,,False,False
1784905,SFR,UMTS 2100,CHEM DES PHILIPPONS QUARTIER LES GIERIS 83600 LES ADRETS DE L ESTEREL,83001,"43.5272,6.8386",Pylône autostable,15m,HIVORY,2006-12-06,SUP,,False,False
1830363,SFR,"LTE 700, LTE 2100, 5G NR 2100", (LA MERCERIE) 72350 FONTENAY SUR VEGRE,72136,"47.9097,-0.2297",Pylône autostable,"30,4m",TDF,2026-01-27,ALL,,False,False
1848379,SFR,"GSM 900, 5G NR 2100",46 PL ABEL GANCE 92100 BOULOGNE BILLANCOURT,92012,"48.8342,2.2575",Immeuble,"38,7m","Copropriété, Syndic, SCI",2025-06-19,ALL,,False,False
1884152,SFR,LTE 700,TER DÉPARTEMENTALE (LE PANNEAU) 01330 AMBERIEUX EN DOMBES,01005,"45.9894,4.9161",Pylône autostable,"30,3m",HIVORY,,AJO,,False,True
1884152,SFR,"GSM 900, UMTS 900, LTE 800, LTE 1800, LTE 2100, 5G NR 2100",TER DÉPARTEMENTALE (LE PANNEAU) 01330 AMBERIEUX EN DOMBES,01005,"45.9894,4.9161",Pylône autostable,"30,3m",HIVORY,2026-01-23,ALL,,False,True
1886455,SFR,"LTE 700, LTE 2100, 5G NR 2100", (BOUGE) 53210 LOUVIGNE,53141,"48.0631,-0.6169",Pylône autostable,"30,5m",TDF,2026-01-27,ALL,,False,False
1891223,SFR,"LTE 700, LTE 2600, 5G NR 3500",LA CROLETAIS 44750 CAMPBON,44025,"47.4003,-1.9733",Pylône autostable,37m,HIVORY,,AJO,,False,False
1952436,SFR,"LTE 700, LTE 1800, LTE 2100, 5G NR 2100",3271 AV F. FAURE 06670 LEVENS,06075,"43.8231,7.2628",Mât,12m,HIVORY,2026-01-27,ALL,,False,False
1952462,SFR,"LTE 700, LTE 1800, LTE 2100, 5G NR 2100",RTE NAPOLÉON D 608 (COL DE VAL FERRIÈRE) 06750 SERANON,06134,"43.7514,6.7297",Pylône autostable,25m,HIVORY,,AJO,,False,False
1952462,SFR,UMTS 2100,RTE NAPOLÉON D 608 (COL DE VAL FERRIÈRE) 06750 SERANON,06134,"43.7514,6.7297",Pylône autostable,25m,HIVORY,2011-10-13,SUP,,False,False
2024973,SFR,5G NR 2100,ROUTE DÉPARTEMENTALE 901 FORÊT DOMANIALE 19230 ARNAC POMPADOUR,19011,"45.3906,1.3678",Pylône autostable,30m,ORANGE Services Fixes,2026-01-23,ALL,,False,False
2047610,SFR,"UMTS 900, LTE 1800, LTE 2100, 5G NR 2100",ZI (LES LANDES DE DIGULLEVILLE) 50690 LA HAGUE,50041,"49.6797,-1.8581",Pylône autostable,50m,HIVORY,2026-01-27,ALL,,False,False
2078176,SFR,5G NR 2100, (LA TILLONNIÈRE) 35370 GENNES SUR SEICHE,35119,"48.0261,-1.1442",Pylône autostable,40m,TOTEM,2026-01-27,ALL,,False,False
2216398,SFR,"LTE 700, LTE 800, LTE 1800, LTE 2100, LTE 2600, 5G NR 2100", (POUSSENDRIOU) 04260 ALLOS,04006,"44.2925,6.5911",Pylône autostable,"9,2m",BOUYGUES,,AJO,,False,True
2263575,SFR,LTE 700,8 RUE SIMONE WEIL 13013 MARSEILLE 13,13213,"43.3331,5.4428",Immeuble,37m,Société HLM,2026-01-23,ALL,,False,False
2276820,SFR,LTE 2600,RTE DES POMMERIENS ROUTE DU BOCAGE D924 50510 ST SAUVEUR LA POMMERAYE,50549,"48.8353,-1.4344",Pylône autostable,"46,5m",BOUYGUES,2026-01-27,ALL,,False,False
2336853,SFR,5G NR 3500,57 AVENUE DE MONTJOUX 25000 BESANCON,25056,"47.2528,6.0133",Immeuble,"25,3m",Conseil Régional,2026-01-23,ALL,,False,False
2379169,SFR,"GSM 900, UMTS 900, LTE 800, LTE 1800, LTE 2100, LTE 2600",76 RUE DES TIPHOINES 91240 ST MICHEL SUR ORGE,91570,"48.6297,2.2975",Pylône autostable,33m,Particulier,,SUP,,False,True
2397555,SFR,"LTE 2100, 5G NR 2100",ROUTE DE FEURS 69170 ST MARCEL L ECLAIRE,69225,"45.8711,4.4172",Pylône autostable,"32,5m",ON TOWER FRANCE,2026-01-27,ALL,,False,False
2411329,SFR,"UMTS 900, LTE 700, LTE 800, LTE 1800, LTE 2100, LTE 2600, 5G NR 3500",R DU BAN (BAU LA DAME) 54390 FROUARD,54215,"48.7722,6.1389",Pylône tubulaire,31m,TOTEM,,SUP,,False,True
2431359,SFR,"LTE 700, LTE 2100, 5G NR 2100",ZI DE KERINS 56230 QUESTEMBERT,56184,"47.6783,-2.4086",Pylône autostable,"44,6m",BOUYGUES,2026-01-27,ALL,,False,False
2482486,SFR,"LTE 700, LTE 800, LTE 1800, LTE 2100, LTE 2600, 5G NR 2100",CHEMIN RURAL DES PIERRES (LES BRUYÈRES) 69640 VILLE SUR JARNIOUX,69265,"45.9533,4.5958",Pylône autostable,"24,6m",ATC FRANCE,,AJO,,False,True
2483956,SFR,"LTE 700, LTE 2100, 5G NR 2100",PENN AN NEC'H PARC AR BEROUES HUELAN (PARC AR BEROUES HUELAN) 22810 PLOUNEVEZ MOEDEC,22228,"48.5258,-3.4108",Pylône autostable,"40,5m",PHOENIX FRANCE INFRASTRUCTURES,2026-01-27,ALL,,False,False
2487539,SFR,"LTE 700, LTE 2600",8 AVENUE DU 11 NOVEMBRE 49620 MAUGES SUR LOIRE,49244,"47.3494,-0.8542",Pylône autostable,"26,5m",PHOENIX FRANCE INFRASTRUCTURES,2026-01-27,ALL,,False,False
2510818,SFR,"GSM 900, UMTS 900, LTE 700, LTE 800, LTE 1800, LTE 2100, LTE 2600",AVENUE JEAN BAPTISTE CHARCOT (PARC SPORTIF) 78380 BOUGIVAL,78092,"48.8683,2.1439",Pylône tubulaire,21m,"Commune, communauté de communes",,SUP,,False,True
2537711,SFR,LTE 700,LIEU-DIT LE BIOT (LE BIOT) 35380 MAXENT,35169,"47.9561,-2.0764",Pylône autostable,"42,3m",BOUYGUES,2026-01-27,ALL,,False,False
2549388,SFR,"GSM 900, UMTS 900, LTE 700, LTE 800, LTE 1800, LTE 2100, LTE 2600",STADE DE LA PETITE BOUVERIE ALLÉE PIERRE DE COUBERTIN 76100 ROUEN,76540,"49.4575,1.1492",Pylône autostable,32m,SFR,,SUP,,False,True
2559137,SFR,LTE 700,STATION D'ÉPURATION (L'ORMEAU OUEST) 46260 CONCOTS,46073,"44.4006,1.6375",Pylône autostable,30m,ORANGE,2026-01-23,ALL,,True,False
2560963,SFR,"LTE 700, LTE 1800, LTE 2100, 5G NR 2100",N85 - CHEM VERS LA PLAINE DU MERLE (LE BANCHEIRON) 04330 BARREME,04022,"43.9581,6.3489",Pylône autostable,26m,BOUYGUES,2026-01-27,ALL,,False,False
2634491,SFR,"LTE 700, LTE 800, LTE 1800, LTE 2100, LTE 2600, 5G NR 2100",IMPASSE DE BOUDENAS (IMPASSE DE BOUDENAS) 07200 ST MAURICE D ARDECHE,07272,"44.5181,4.3933",Pylône autostable,42m,SFR,2026-01-21,ALL,,False,True
2647042,SFR,5G NR 2100,RUE DE CHARMONT D99 (LA PERRIERE) 10240 CHAUDREY,10091,"48.5,4.2736",Pylône autostable,42m,SFR,2026-01-22,ALL,,False,False
2647812,SFR,LTE 700,415  ROUTE DES MERISES 26270 MIRMANDE,26185,"44.7056,4.8511",Pylône autostable,"17,1m",Conseil Régional,2026-01-23,ALL,,True,False
2649598,SFR,"UMTS 900, LTE 700, LTE 800, LTE 1800, LTE 2100, LTE 2600, 5G NR 3500",18 RUE DES FLEURS 59120 LOOS,59360,"50.6192,3.0194",Bâtiment,"13,6m",Particulier,,SUP,,False,True
2657293,SFR,"GSM 900, UMTS 900, LTE 700, LTE 800, LTE 1800, LTE 2100, LTE 2600, 5G NR 3500",STADE GRAND SPERNOT 15 RUE PIERRE MARIE TOUBOULIC (GD SPERNOT) 29200 BREST,29019,"48.4183,-4.5022",Pylône tubulaire,"42,3m",SFR,,SUP,,False,True
2661055,SFR,"GSM 900, UMTS 900, LTE 700, LTE 800, LTE 1800, LTE 2100, LTE 2600, 5G NR 3500",51 RUE MAURICE SIMONO NORD MAINTENANCE IMPRIMERIE 59250 HALLUIN,59279,"50.7842,3.1203",Mât béton,33m,SFR,,SUP,,False,True
2692790,SFR,LTE 700,D59 (LE LUC) 40310 ESCALANS,40093,"44.0269,0.0444",Pylône autostable,"44,1m",HIVORY,2026-01-23,ALL,,False,False
2708324,SFR,"GSM 900, UMTS 900, LTE 700, LTE 800, LTE 1800, LTE 2100, LTE 2600, 5G NR 3500",RUE DU GENERALE DE GAULLE 68440 HABSHEIM,68118,"47.7286,7.4169",Monument religieux,37m,"Commune, communauté de communes",,SUP,,False,True
2742937,SFR,LTE 700,3 VOIE DE VILLY (LES TREUCHOTS) 21350 VILLY EN AUXOIS,21707,"47.4103,4.6556",Pylône autostable,30m,SFR,2026-01-23,ALL,,True,False
2779558,SFR,5G NR 3500,586 ROUTE DU NANT 01280 PREVESSIN MOENS,01313,"46.2506,6.0925",Pylône tubulaire,"20,5m",PHOENIX FRANCE INFRASTRUCTURES,2026-01-23,ALL,,False,False
2803127,SFR,"UMTS 900, LTE 700, LTE 800, LTE 1800, LTE 2100, LTE 2600, 5G NR 3500",M22 RUE D'ARMENTIÈRES VOIE D'ACCÈS RFF 60 (CHAPELLE GRENIER) 59280 BOIS GRENIER,59088,"50.6558,2.8728",Pylône autostable,27m,TOTEM,,SUP,,False,True
2825280,SFR,"LTE 2100, 5G NR 2100",AV GENERAL HARRIS SERVICE DES URGENCES (CHU COTE DE NACRE) 14000 CAEN,14118,"49.2056,-0.3564",Bâtiment,"23,5m","État, Ministère",2026-01-27,ALL,,False,False
2842289,SFR,5G NR 3500,13 AV MARCELLIN ALBERT CAVE COOPÉRATIVE 34800 NEBIAN,34180,"43.6042,3.4381",Bâtiment,22m,"Coopérative Agricole, Vinicole",2026-01-23,ALL,,False,False
2844038,SFR,"GSM 900, UMTS 900, LTE 700, LTE 800, LTE 1800, LTE 2100, LTE 2600, 5G NR 3500",117 RUE MONTGOLFIER 59100 ROUBAIX,59512,"50.6822,3.1867",Bâtiment,34m,ON TOWER FRANCE,,SUP,,False,True
2850804,SFR,"UMTS 900, LTE 700, LTE 800, LTE 1800, LTE 2100, LTE 2600, 5G NR 3500",17 AVENUE VOLTAIRE 44800 ST HERBLAIN,44162,"47.2283,-1.6056",Immeuble,16m,"Copropriété, Syndic, SCI",,SUP,,False,True
2852384,SFR,"UMTS 900, LTE 700, LTE 800, LTE 1800, LTE 2100, LTE 2600, 5G NR 3500",126 RUE DE BÈGLES 33800 BORDEAUX,33063,"44.8247,-0.5661",Immeuble,"12,8m","Copropriété, Syndic, SCI",,SUP,,False,True
2858025,SFR,"LTE 700, LTE 2600, 5G NR 2100",140B CHEMIN  DE NOTRE DAME DE CONSTANCE 83230 BORMES LES MIMOSAS,83019,"43.1536,6.3425",Pylône arbre,12m,CELLNEX,2026-01-27,ALL,,False,False
2861711,SFR,"UMTS 900, LTE 700, LTE 800, LTE 1800, LTE 2100, LTE 2600, 5G NR 3500",RUE DE MAUVES PLACE DE LA RÉPUBLIQUE 44470 THOUARE SUR LOIRE,44204,"47.2669,-1.4411",Monument religieux,"33,6m","Commune, communauté de communes",,SUP,,False,True
2865219,SFR,,LES ATHUIS 85670 LA CHAPELLE PALLUAU,85055,"46.7986,-1.5958",Pylône autostable,43m,ATC FRANCE,,CHP,BOUYGUES,False,True
2881988,SFR,5G NR 3500,AV DU STADE 42170 ST JUST ST RAMBERT,42279,"45.5114,4.2619",Immeuble,22m,"Copropriété, Syndic, SCI",,AJO,,False,False
2909529,SFR,"UMTS 900, LTE 700, LTE 800, LTE 1800, LTE 2100, LTE 2600, 5G NR 2100, 5G NR 3500",62 RUE MAURICE RIPOCHE 75014 PARIS 14,75114,"48.8336,2.3225",Immeuble,"23,9m","Copropriété, Syndic, SCI",,SUP,,False,True
2925688,SFR,"LTE 2600, 5G NR 3500",PATEFERINE 30360 VEZENOBRES,30348,"44.0556,4.1375",Château d'eau - réservoir,20m,"Syndicat des eaux, Adduction",2026-01-23,ALL,,False,False
2952876,SFR,UMTS 900,8D BOULEVARD RAYMOND POINCARÉ 94170 LE PERREUX SUR MARNE,94058,"48.8508,2.4936",Immeuble,19m,"Copropriété, Syndic, SCI",2026-01-22,ALL,,False,False
2964260,SFR,"UMTS 900, LTE 700, LTE 800, LTE 1800, LTE 2100, LTE 2600",10 RUE DE L INDUSTRIE 67114 ESCHAU,67131,"48.4853,7.7264",Pylône tubulaire,30m,SFR,,SUP,,False,True
2972035,SFR,5G NR 3500,CHEMIN RURAL NUMERO 64 PROCHE STATION D'EPURATION (GRANDE PIECE DU PRIEURE) 49540 TERRANJOU,49086,"47.2647,-0.4553",Pylône autostable,"28,5m",CELLNEX,,AJO,,False,False
2973463,SFR,UMTS 900,CHEMIN DE SAHUQUÉ LA COURREGEASSE (AS COURNES) 31210 MARTRES DE RIVIERE,31323,"43.0825,0.6386",Pylône tubulaire,42m,HIVORY,,SUP,,False,True
2992558,SFR,"LTE 700, LTE 800, LTE 1800, LTE 2100, LTE 2600, 5G NR 2100",VOIE COMMUNALE 10 PROCHE DEPARTEMENTALE 48 (LE FIEF DU ROCHER) 85140 ESSARTS EN BOCAGE,85084,"46.7514,-1.115",Pylône autostable,"28,5m",CELLNEX,2026-01-23,ALL,,False,True
2996389,SFR,"LTE 700, LTE 800, LTE 1800, LTE 2100, 5G NR 2100",CHEMIN DE LA MINE (COTE DES VALLIEUX) 54850 MESSEIN,54366,"48.6161,6.1253",Pylône autostable,30m,SFR,2025-12-23,ALL,,False,True
3006342,SFR,"UMTS 900, LTE 700, LTE 800, LTE 1800, LTE 2100, LTE 2600, 5G NR 2100",26 RUE DE TIVOLI 16400 VOEUIL ET GIGET,16418,"45.6031,0.1528",Pylône autostable,30m,HIVORY,2025-12-26,ALL,,False,True
3015785,SFR,UMTS 900,LIEU-DIT LES RAMÉES (LES RAMÉES) 49140 CORNILLE LES CAVES,49107,"47.4758,-0.3081",Pylône autostable,42m,CELLNEX,2026-01-21,ALL,,False,False
3024220,SFR,"LTE 700, LTE 800, LTE 1800, LTE 2100, LTE 2600, 5G NR 2100",297 ROUTE DE CAUDECOSTE 82340 DUNES,82050,"44.0997,0.7686",Pylône autostable,"30,2m",SFR,2026-01-26,ALL,,False,True
3034638,SFR,"UMTS 900, LTE 700, LTE 800",ROUTE DE SAUSSIGNAC (PLAGNIOTS) 82500 MAUBEC,82106,"43.7953,0.9058",Pylône autostable,24m,FREE-MOBILE,2026-01-14,ALL,,True,True
3035291,SFR,"LTE 700, LTE 800",PRÈS DE LA D60 (LOU CHAUMAS) 48600 GRANDRIEU,48070,"44.7814,3.6431",Pylône autostable,30m,TOTEM,2026-01-19,ALL,,True,False
3035728,SFR,"UMTS 900, LTE 700, LTE 800, LTE 1800, LTE 2100, LTE 2600, 5G NR 3500",48 AVENUE DES GRÉSILLONS 92600 ASNIERES SUR SEINE,92004,"48.9139,2.2997",Immeuble,30m,"Copropriété, Syndic, SCI",,SUP,,False,True
3036073,SFR,UMTS 900,CHEMIN DU CLAUS VERS LE BOIS D'ARNAUD (LES EXTRIAUX) 04870 ST MICHEL L OBSERVATOIRE,04192,"43.9036,5.7069",Pylône autostable,18m,TOTEM,2025-12-24,ALL,,True,True
3068907,SFR,"UMTS 900, LTE 700, LTE 800, LTE 1800, LTE 2100, LTE 2600, 5G NR 3500",69 RUE DES GRANDS CHAMPS 75020 PARIS 20,75120,"48.8517,2.405",Immeuble,26m,"Copropriété, Syndic, SCI",,SUP,,False,True
3077093,SFR,"UMTS 900, LTE 700, LTE 800",PROCHE D109 (LE VERGER) 03420 TERJAT,03280,"46.2008,2.6122",Pylône autostable,42m,FREE-MOBILE,2026-01-13,ALL,,True,True
3078270,SFR,"UMTS 900, LTE 700, LTE 800, LTE 1800, LTE 2100, LTE 2600, 5G NR 2100",LE PLACIS DES RETAIS (LA BESNARDAIS) 35340 ERCE PRES LIFFRE,35107,"48.2383,-1.5006",Pylône autostable,37m,CELLNEX,,SUP,,False,True
3087398,SFR,"LTE 700, LTE 800, LTE 1800, LTE 2100, LTE 2600, 5G NR 2100", (LA BASTIDE NEUVE ET LA ROU) 30390 ARAMON,30012,"43.9086,4.65",Pylône autostable,"18,2m",BOUYGUES,2026-01-23,ALL,,False,True
3120969,SFR,"LTE 700, LTE 800, LTE 1800",RUE VICTOR HUGO RUE VAILLANT COUTURIER (CLOS DU REAL) 59294 HAUSSY,59289,"50.2208,3.4872",Pylône autostable,36m,ATC FRANCE,2025-12-30,ALL,,False,False
3125022,SFR,,RUE ANDRÉ MIRÂT CROISEMENT D603 77260 STE AULDE,77401,"49.0083,3.1639",Pylône autostable,30m,TOTEM,,CHA,"Rue André Mirât, croisement D603",True,True
3130474,SFR,"UMTS 900, LTE 700, LTE 800, LTE 1800, LTE 2100, LTE 2600, 5G NR 2100", (LES CAUSSES) 34800 PERET,34197,"43.5875,3.4025",Pylône autostable,40m,ON TOWER FRANCE,2026-01-23,ALL,,False,True
3131679,SFR,"UMTS 900, LTE 700, LTE 800", (EL CAMP DEN CATALA) 66500 CLARA VILLERACH,66051,"42.5897,2.4597",Pylône autostable,36m,BOUYGUES,2026-01-23,ALL,,True,True
3132278,SFR,"LTE 700, LTE 800, LTE 1800, LTE 2100, LTE 2600, 5G NR 2100",72 RTE DE GARONNE 47200 ST PARDOUX DU BREUIL,47263,"44.4733,0.1914",Pylône autostable,"30,6m",TDF,2026-01-22,ALL,,False,True
3142728,SFR,"LTE 700, LTE 800, LTE 1800, LTE 2100, LTE 2600, 5G NR 2100",COMBE ROCHE 01110 PLATEAU D HAUTEVILLE,01185,"45.9525,5.5431",Pylône autostable,19m,BOUYGUES,2026-01-23,ALL,,False,True
3171698,SFR,"LTE 700, LTE 800, LTE 1800, LTE 2100, LTE 2600, 5G NR 2100, 5G NR 3500",LES ROMPUDES - MAS DE DAULET CHEMIN DES GARDIES 34570 PIGNAN,34202,"43.5911,3.7578",Pylône autostable,24m,BOUYGUES,,AJO,,False,True
3172608,SFR,"UMTS 900, LTE 700, LTE 800, LTE 1800, LTE 2100, LTE 2600, 5G NR 2100",LA SEIGNEURIE (DERRIÈRE LA FOSSE BARDOT) 89140 VILLEMANOCHE,89456,"48.2992,3.1692",Pylône autostable,"24,7m",PHOENIX FRANCE INFRASTRUCTURES,,AJO,,False,True
3192532,SFR,"LTE 700, LTE 800, LTE 1800, LTE 2100, LTE 2600, 5G NR 2100",CHEMIN DE LA GARDE (LA GARDE) 03800 JENZAT,03133,"46.1547,3.1983",Pylône autostable,"24,6m",Société Privée,,AJO,,False,True
3203580,SFR,"LTE 700, LTE 800, LTE 1800, LTE 2100, LTE 2600, 5G NR 2100",CHEMIN DU GRES (CAREYROLLES BASSES) 30250 AUJARGUES,30023,"43.7953,4.1267",Pylône autostable,24m,BOUYGUES,,AJO,,False,True
3204654,SFR,"LTE 700, LTE 800, LTE 1800, LTE 2100, LTE 2600, 5G NR 2100",RTE DE LA HOGUETTE 14700 FALAISE,14258,"48.8889,-0.1786",Pylône autostable,"24,5m",PHOENIX FRANCE INFRASTRUCTURES,,AJO,,False,True
3205848,SFR,"LTE 700, LTE 800, LTE 1800, LTE 2100, LTE 2600, 5G NR 2100",RUE DE LA POMMERAIE (LE COLOMBIER ST AARON) 22400 LAMBALLE ARMOR,22093,"48.4828,-2.4958",Pylône autostable,"30,5m",PHOENIX FRANCE INFRASTRUCTURES,,AJO,,False,True
3206383,SFR,"LTE 700, LTE 800, LTE 1800, LTE 2100, LTE 2600, 5G NR 2100",CHEMIN RURAL (LEYVOU) 05120 ST MARTIN DE QUEYRIERES,05151,"44.8594,6.5853",Pylône autostable,30m,BOUYGUES,,AJO,,False,True
3216369,SFR,"LTE 700, LTE 800, LTE 1800, LTE 2100, LTE 2600, 5G NR 2100",ROUTE DES NEBILONS (LE CHAMP AUX MOINES) 36800 RIVARENNES,36172,"46.6272,1.3903",Pylône autostable,"36,5m",BOUYGUES,,AJO,,False,True
3217962,SFR,"LTE 700, LTE 800, LTE 1800, LTE 2100, LTE 2600, 5G NR 2100",CHEMIN DE L'ORATOIRE 13490 JOUQUES,13048,"43.6411,5.6325",Pylône tubulaire,"18,5m",CELLNEX,,AJO,,False,True
3227790,SFR,"LTE 700, LTE 800, LTE 1800, LTE 2100, LTE 2600, 5G NR 2100",25 RUE SEGOND (PAZIERE) 04510 MALLEMOISSON,04110,"44.0503,6.1225",Pylône autostable,24m,CELLNEX,,AJO,,False,True
3228243,SFR,"LTE 700, LTE 800, LTE 1800, LTE 2100, LTE 2600, 5G NR 2100",CHEMIN DE LA TILLE (LA TILLE) 01100 GEOVREISSET,01171,"46.2589,5.6153",Pylône autostable,"24,5m",BOUYGUES,,AJO,,False,True
3228523,SFR,"LTE 700, LTE 800, LTE 1800, LTE 2100, LTE 2600, 5G NR 2100",CHEMIN DES REVAUX (PLANSAT) 01290 CORMORANCHE SUR SAONE,01123,"46.2408,4.8272",Pylône autostable,"30,2m",CELLNEX,,AJO,,False,True
3266631,SFR,"LTE 700, LTE 800, LTE 1800, LTE 2100, LTE 2600, 5G NR 2100",RD N°40 DE NOYELLES SUR MER À ABBEVILLE (LE MOULIN GOURLIN) 80132 PORT LE GRAND,80637,"50.1628,1.7306",Pylône autostable,"30,6m",TDF,,AJO,,False,True
335857,SFR,GSM 900,CHEM RURAL DIT DE LA CARRIERE (LA CARRIÈRE) 08160 VENDRESSE,08469,"49.6092,4.7931",Pylône autostable,"36,4m",HIVORY,2007-06-25,SUP,,True,False
437677,SFR,"LTE 700, LTE 800, LTE 1800, LTE 2100, LTE 2600, 5G NR 2100, 5G NR 3500",27 R FERNAND PELLOUTIER 21 R DANTON 30100 ALES,30007,"44.1183,4.0817",Pylône autostable,32m,TOTEM,2026-01-23,ALL,,False,True
440632,SFR,"LTE 700, LTE 800, LTE 1800, LTE 2100, LTE 2600, 5G NR 2100, 5G NR 3500", (LA FOUCHERIE) 53000 LAVAL,53130,"48.0547,-0.7853",Pylône autostable,96m,TDF,,AJO,,False,True
447447,SFR,"LTE 2600, 5G NR 3500", (LE CHALARD) 87130 CHATEAUNEUF LA FORET,87040,"45.715,1.5933",Pylône autostable,35m,TDF,,AJO,,False,False
451642,SFR,"LTE 700, LTE 2100",PRÉS DE LA RN 143 (EN SORTANT PAR ST CHRISTOPHE) (ROUILLE COUTEAU) 36250 ST MAUR,36202,"46.8233,1.6675",Pylône autostable,46m,TDF,2026-01-27,ALL,,False,False
458143,SFR,5G NR 3500,"767, AVENUE DE PRADES RÉSIDENCE LES EGLANTINES 06500 MENTON",06083,"43.7817,7.4833",Immeuble,33m,"Copropriété, Syndic, SCI",,AJO,,False,False
458143,SFR,LTE 700,"767, AVENUE DE PRADES RÉSIDENCE LES EGLANTINES 06500 MENTON",06083,"43.7817,7.4833",Immeuble,33m,"Copropriété, Syndic, SCI",2026-01-23,ALL,,False,False
471465,SFR,LTE 700,DOMAINE ST PHILIPPE (NÈGUE-VAQUES) 34530 MONTAGNAC,34162,"43.4619,3.5392",Pylône autostable,36m,TOTEM,2026-01-27,ALL,,False,False
475619,SFR,LTE 2100,PL DE L'EGLISE HÔTEL DE LA CITÉ 11000 CARCASSONNE,11069,"43.2058,2.3631",Bâtiment,17m,Société HLM,2026-01-23,ALL,,False,False
475619,SFR,UMTS 2100,PL DE L'EGLISE HÔTEL DE LA CITÉ 11000 CARCASSONNE,11069,"43.2058,2.3631",Bâtiment,17m,Société HLM,2006-03-23,SUP,,False,False
486341,SFR,LTE 2600,CHEM DU CASTELLAS (LES MÉGIÈRES) 30340 SALINDRES,30305,"44.1736,4.1511",Château d'eau - réservoir,47m,Société Privée,2026-01-23,ALL,,False,False
499190,SFR,,LE PÉPARAI (LA CÔTE) 24250 DOMME,24152,"44.7983,1.2297",Pylône autostable,35m,HIVORY,2025-06-25,CHH,"38,5m",False,False
500516,SFR,"LTE 700, LTE 1800, LTE 2100, 5G NR 2100",LES MASTRELLES 04510 LE CHAFFAUT ST JURSON,04046,"44.0217,6.0919",Pylône autostable,"21,7m",TOTEM,2026-01-27,ALL,,False,False
504305,SFR,LTE 700,HAMEAU DES VEYNES (CINQUÉTRAL) 39200 ST CLAUDE,39478,"46.4256,5.8733",Pylône autostable,30m,TDF,,AJO,,False,False
504305,SFR,UMTS 2100,HAMEAU DES VEYNES (CINQUÉTRAL) 39200 ST CLAUDE,39478,"46.4256,5.8733",Pylône autostable,30m,TDF,2017-09-28,SUP,,False,False
515697,SFR,LTE 700,PRÈS DE LA D 64 (PLAINE DE LALIE) 31130 FLOURENS,31184,"43.5889,1.5561",Pylône autostable,51m,HIVORY,2026-01-23,ALL,,False,False
526245,SFR,"LTE 700, LTE 2100, LTE 2600, 5G NR 2100, 5G NR 3500",PL DU CHANOINE BRICARD 00404 ERR CONV INSEE,49069,"47.3375,-1.2656",Monument religieux,37m,"Commune, communauté de communes",2026-01-23,ALL,,False,False
526245,SFR,UMTS 2100,PL DU CHANOINE BRICARD 00404 ERR CONV INSEE,49069,"47.3375,-1.2656",Monument religieux,37m,"Commune, communauté de communes",2018-01-11,SUP,,False,False
531407,SFR,"UMTS 900, LTE 700, LTE 800, LTE 1800, LTE 2100, LTE 2600, 5G NR 3500",AV DE BRAUDE 33320 LE TAILLAN MEDOC,33519,"44.9125,-0.6558",Château d'eau - réservoir,"45,3m","Syndicat des eaux, Adduction",,SUP,,False,True
534159,SFR,"LTE 700, LTE 2600, 5G NR 3500",IMP DE LA REYNERIE 85230 BOUIN,85029,"46.9736,-1.9911",Pylône tubulaire,25m,HIVORY,2026-01-27,ALL,,False,False
534614,SFR,LTE 700, (LA GRIFFONNIÈRE) 01270 VILLEMOTIER,01445,"46.3497,5.2889",Pylône autostable,38m,ATC FRANCE,2026-01-27,ALL,,False,False
539106,SFR,"UMTS 2100, LTE 700",ALLÉE DU 1ER MAI PARC D'ACTIVITÉ PARIS EST 77183 CROISSY BEAUBOURG,77146,"48.8303,2.6383",Pylône autostable,33m,HIVORY,2021-09-10,SUP,,False,False
547406,SFR,LTE 2600,12 R DU GÉNÉRAL MOULIN 14000 CAEN,14118,"49.1858,-0.3983",Immeuble,"20,5m","Copropriété, Syndic, SCI",2026-01-27,ALL,,False,False
554407,SFR,LTE 2600,PAC BOUVIER (L'EPINE) 01630 PERON,01288,"46.1769,5.925",Pylône autostable,35m,TOTEM,,AJO,,False,False
554407,SFR,UMTS 2100,PAC BOUVIER (L'EPINE) 01630 PERON,01288,"46.1769,5.925",Pylône autostable,35m,TOTEM,2009-11-16,SUP,,False,False
566736,SFR,,CHEM RURAL PYLÔNE RFF C 166 (BLANC FOSSÉ - LES VOIES TIVAT) 51460 TILLOY ET BELLAY,51572,"49.0267,4.6381",Pylône autostable,"30,5m",SNCF Réseau,2017-01-25,CHH,30m,False,False
606221,SFR,"LTE 700, LTE 1800, LTE 2100, 5G NR 2100",44 CHEM RURAL (BEAUREGARD) 37380 NOUZILLY,37175,"47.5386,0.7403",Château d'eau - réservoir,32m,"Commune, communauté de communes",,AJO,,False,False
606221,SFR,UMTS 2100,44 CHEM RURAL (BEAUREGARD) 37380 NOUZILLY,37175,"47.5386,0.7403",Château d'eau - réservoir,32m,"Commune, communauté de communes",2017-12-26,SUP,,False,False
615837,SFR,LTE 700,R DU STADE PROCHE INTERSEC RD 24 ET RD 178 44440 JOUE SUR ERDRE,44077,"47.4942,-1.4147",Pylône autostable,30m,HIVORY,2026-01-27,ALL,,False,False
627826,SFR,,R DU STADE 59265 AUBIGNY AU BAC,59026,"50.2656,3.1647",Pylône autostable,30m,HIVORY,2010-08-27,CHA,r du stade pylone SFR,False,False
637056,SFR,"LTE 700, LTE 2100, LTE 2600, 5G NR 2100, 5G NR 3500",6A R ELISÉE RECLUS IMM SAFC (QUARTIER ST CLAUDE) 25000 BESANCON,25056,"47.26,6.0114",Immeuble,23m,Société Privée,,AJO,,False,False
637056,SFR,UMTS 2100,6A R ELISÉE RECLUS IMM SAFC (QUARTIER ST CLAUDE) 25000 BESANCON,25056,"47.26,6.0114",Immeuble,23m,Société Privée,2005-06-15,SUP,,False,False
639649,SFR,"LTE 700, LTE 2600", (SERRELA CHATTE) 05800 ST FIRMIN,05142,"44.7889,6.0167",Pylône autostable,45m,TOTEM,,AJO,,False,False
648394,SFR,"LTE 1800, LTE 2100",D 81 (LE PETIT MONTJAUGÉ) 49520 OMBREE D ANJOU,49248,"47.7133,-1.0314",Pylône tubulaire,35m,TDF,2026-01-27,ALL,,False,False
675441,SFR,UMTS 2100, (LA TOULOUSIENNE) 31190 LAGRACE DIEU,31264,"43.3306,1.3964",Pylône autostable,25m,SFR,2010-04-26,SUP,,False,False
686998,SFR,LTE 700,AV GUY MOCQUET/ALLÉE DU MAS DE POUANE BÂT.50 13500 MARTIGUES,13056,"43.4122,5.0192",Immeuble,"29,4m",Société HLM,2026-01-23,ALL,,False,False
697688,SFR,LTE 1800,VALLON DE ROUET VIADUC DE L'AIGLE 13620 CARRY LE ROUET,13021,"43.3364,5.1764","Ouvrage d'art (pont, viaduc)",26m,SNCF Réseau,2026-01-23,ALL,,False,False
709262,SFR,LTE 700,R DES LONGS CHAMPS (LA MARE PERÉE) 27520 VOISCREVILLE,27699,"49.2731,0.7672",Pylône tubulaire,30m,ATC FRANCE,2026-01-27,ALL,,False,False
711781,SFR,"LTE 700, LTE 2600",LA VILLE AU BOIS 22230 TREMOREL,22371,"48.1981,-2.2978",Pylône autostable,45m,TDF,2026-01-27,ALL,,False,False
720827,SFR,"LTE 700, LTE 1800, LTE 2100, 5G NR 2100",AV DES TREILLES (ROCO VERTI) 34610 ST GERVAIS SUR MARE,34260,"43.6547,3.0464",Pylône autostable,15m,HIVORY,2026-01-27,ALL,,False,False
727350,SFR,,STADE DE FOOT (PEUBLA) 73310 CHANAZ,73073,"45.8133,5.7894",Pylône autostable,41m,TDF,2024-02-22,CHH,40m,False,False
745269,SFR,LTE 700,CHEM DE LA FLAMBÈRE 31500 TOULOUSE,31555,"43.6106,1.3903",Pylône autostable,22m,HIVORY,2026-01-23,ALL,,False,False
745269,SFR,UMTS 2100,CHEM DE LA FLAMBÈRE 31500 TOULOUSE,31555,"43.6106,1.3903",Pylône autostable,22m,HIVORY,2011-07-12,SUP,,False,False
77807,SFR,LTE 700,CHEM DE L'AULNAY (LES VIGNES DE CLEMORTIER) 37130 LANGEAIS,37123,"47.3325,0.4144",Pylône autostable,39m,ATC FRANCE,2026-01-27,ALL,,False,False
781442,SFR,5G NR 3500, (BOIS DE COUBILLOU) 34240 LAMALOU LES BAINS,34126,"43.5903,3.0872",Pylône autostable,34m,TDF,,AJO,,False,False
805711,SFR,"GSM 900, UMTS 900, LTE 700, LTE 800, LTE 1800, LTE 2100, LTE 2600, 5G NR 3500",PL EDOUARD ROUSSEL ALL DES SAULES 74C RUE DE LA PERCHE 59100 ROUBAIX,59512,"50.6872,3.1631",Immeuble,40m,"Copropriété, Syndic, SCI",,SUP,,False,True
808412,SFR,UMTS 2100,LACOTE PRÉS D510 (MIQUEOU) 64240 LA BASTIDE CLAIRENCE,64289,"43.4353,-1.2589",Pylône autostable,46m,TDF,2011-12-16,SUP,,False,False
848102,SFR,,PIGNERY TOUR HERTZIENNE (LES FERRANDIÈRES) 41270 BOUFFRY,41022,"47.9931,1.1147",Tour hertzienne,63m,TDF,2022-06-08,CHH,77m,False,False
904734,SFR,"LTE 1800, LTE 2100, 5G NR 2100",CHEM DE LA GARENNE (LES TILLEULS) 14130 COQUAINVILLIERS,14177,"49.2086,0.2056",Pylône autostable,64m,EDF ou GDF,2026-01-27,ALL,,False,False
